AGENDA - ENTREGA TÉCNICA 2026,,,,,,,,,,,,,,
DATA,DIA ,DIA ,HORA,CHASSI,MODELO,CLIENTE,VENDEDOR,LAVADO,ACES.,ENTREGADOR,MODALIDADE,AGENDAMENTO,STATUS,OBS: PÓS ENTREGA
02/01/2026,sex.,SEX.,14:00,TR022353,31.320,TECPAV TECNOLOGIA E PAVIMENTACAO LTDA,RUI,LAVADO,,WANDERSON,ENTREGA TECNICA,CONFIRMADO,CONCLUIDO,
02/01/2026,sex.,SEX.,14:00,TR022786,31.320,TECPAV TECNOLOGIA E PAVIMENTACAO LTDA,RUI,LAVADO,,WANDERSON,ENTREGA TECNICA,CONFIRMADO,CONCLUIDO,
05/01/2026,seg.,SEG.,14:00,TR022202,31.320,TECPAV TECNOLOGIA E PAVIMENTACAO LTDA,RUI,LAVADO,,WANDERSON,ENTREGA TECNICA,CONFIRMADO,CONCLUIDO,
05/01/2026,seg.,SEG.,14:00,TR022226,31.320,TECPAV TECNOLOGIA E PAVIMENTACAO LTDA,RUI,LAVADO,,WANDERSON,ENTREGA TECNICA,CONFIRMADO,CONCLUIDO,
05/01/2026,seg.,SEG.,16:00,TR016047,30.320,DJALMA RIBEIRO DE SOUZA,GUILHERME,LAVADO,,BRUNO MICHEL,ENTREGA TECNICA,CONFIRMADO,CONCLUIDO,
05/01/2026,seg.,SEG.,16:00,,,EXAMES MEDICOS - WANDERSON,,,,WANDERSON,,CONFIRMADO,CONCLUIDO,
06/01/2026,ter.,TER.,09:00,TR009537,27.260,SEVERINO SARAIVA BARBOSA,PAULO,,,WANDERSON,ENTREGA TECNICA,CONFIRMADO,CONCLUIDO,
06/01/2026,ter.,TER.,16:00,TR031161,13.180,FRUTT CENTER DIST.DE POLPAS DE FRUTAS & FRIOS LTDA,RUI,LAVADO,,WANDERSON,ENTREGA TECNICA,CONFIRMADO,CONCLUIDO,
06/01/2026,ter.,TER.,16:00,TR031533,17.210,A.M.-DISTRIB. DE POLPAS DE FRUTAS & FRIOS LTDA,RUI,LAVADO,,WANDERSON,ENTREGA TECNICA,CONFIRMADO,CONCLUIDO,
07/01/2026,qua.,QUA.,09:00,TR202996,29.530,BRUNO HENRIQUE STABILLE BIZINOTTO,PAULO,LAVADO,,WANDERSON,ENTREGA TECNICA,CONFIRMADO,CONCLUIDO,
08/01/2026,qui.,QUI.,09:00,TR202936,29.530,TRANSPORTADORA BJMG LTDA,EURIPEDES,LAVADO,,WANDERSON,ENTREGA TECNICA,CONFIRMADO,CONCLUIDO,
08/01/2026,qui.,QUI.,09:00,TR019305,26.260,JEAN CARLOS NUNES LTDA,RUI,LAVADO,,MARCIO,ENTREGA TECNICA,CONFIRMADO,CONCLUIDO,
08/01/2026,qui.,QUI.,13:30,TR027246,30.320,J JUNIOR E GOMES,JORGE,LAVADO,,WANDERSON,ENTREGA TECNICA,CONFIRMADO,CONCLUIDO,
09/01/2026,sex.,SEX.,16:00,SR034159,18.260,TOPLIMP SERVICOS E TRANSPORTES LTDA,JORGE,LAVADO,,WANDERSON,ENTREGA TECNICA,CONFIRMADO,CONCLUIDO,
09/01/2026,sex.,SEX.,16:00,SR033974,18.260,TOPLIMP SERVICOS E TRANSPORTES LTDA,JORGE,LAVADO,,WANDERSON,ENTREGA TECNICA,CONFIRMADO,CONCLUIDO,
09/01/2026,sex.,SEX.,A TARDE,TR030481,17.210,MP TRANSPORTE E LOGISTICA LTDA,PAULO,LAVADO,,BRUNO MICHEL,ENTREGA TECNICA,CONFIRMADO,CONCLUIDO,
09/01/2026,sex.,SEX.,A TARDE,TR028294,26.260,MP TRANSPORTE E LOGISTICA LTDA,PAULO,LAVADO,,MARCIO,ENTREGA TECNICA,CONFIRMADO,CONCLUIDO,
13/01/2026,ter.,TER.,13:30,TR006058,18.210,T E T COMERCIO E REPRESENTACAO LTDA,GUSTAVO,LAVADO,,WANDERSON,ENTREGA TECNICA,CONFIRMADO,CONCLUIDO,
13/01/2026,ter.,TER.,16:00,TR002862,30.320,CLEAN HIGIENIZACAO LTDA,RUI,LAVADO,,WANDERSON,ENTREGA TECNICA,CONFIRMADO,CONCLUIDO,
15/01/2026,qui.,QUI.,13:30,SR042622,9.180,RECOL AMB COL E TRAT DE RESIDUOS LTDA,DOUGLAS,LAVADO,,WANDERSON,ENTREGA TECNICA,CONFIRMADO,CONCLUIDO,
15/01/2026,qui.,QUI.,14:00,TR016100,14.210,ZUF FLORESTAS LTDA,LUIZ CLAUDIO,LAVADO,,BRUNO MICHEL,ENTREGA TECNICA,CONFIRMADO,CONCLUIDO,
15/01/2026,qui.,QUI.,16:00,TR029145,18.260,TECPAV TECNOLOGIA E PAVIMENTACAO LTDA,RUI,LAVADO,,WANDERSON,ENTREGA TECNICA,CONFIRMADO,CONCLUIDO,
15/01/2026,qui.,QUI.,16:00,TR029135,18.260,TECPAV TECNOLOGIA E PAVIMENTACAO LTDA,RUI,LAVADO,,WANDERSON,ENTREGA TECNICA,CONFIRMADO,CONCLUIDO,
16/01/2026,sex.,SEX.,10:00,TR033601,EXPRESS,ROBOCONTROL,PAULO,LAVADO,,WANDERSON,ENTREGA TECNICA,CONFIRMADO,CONCLUIDO,
16/01/2026,sex.,SEX.,13:30,SR018612,11.180,LCJ PARTICIPAÇÕES E SERVIÇOS LTDA,PAULO,LAVADO,,WANDERSON,ENTREGA TECNICA,CONFIRMADO,CONCLUIDO,
16/01/2026,sex.,SEX.,16:00,SR018375,11.180,J&F AGROPECUARIA LTDA.,PAULO,LAVADO,,WANDERSON,ENTREGA TECNICA,CONFIRMADO,CONCLUIDO,
19/01/2026,seg.,SEG.,16:00,TR202189,28.480,T E T COMERCIO E REPRESENTACAO LTDA,GUSTAVO,LAVADO,,MARCIO,ENTREGA TECNICA,CONFIRMADO,CONCLUIDO,
19/01/2026,seg.,SEG.,DE MANHÃ,,,EXAMES PERIODICOS - WANDERSON,,,,WANDERSON,,,CONCLUIDO,
20/01/2026,ter.,TER.,DIA TODO,,33480,CARGIL BIOENERGIA LTDA,FERNANDO GER.,,,WANDERSON,T.C.PRATICO,CONFIRMADO,CONCLUIDO,
21/01/2026,qua.,QUA.,09:00,TR005228,11.180,DELPS TRANSPORTES E LOGISTICA LTDA,CARLOS,LAVADO,,MARCIO,ENTREGA TECNICA,CONFIRMADO,CONCLUIDO,
21/01/2026,qua.,QUA.,09:00,TR017368,20.480,D V MARQUES E TRANSPORTES LTDA,JORGE,LAVADO,,MARCIO,ENTREGA TECNICA,CONFIRMADO,CONCLUIDO,
21/01/2026,qua.,QUA.,14:00,TR000248,11.180,T & T COMERCIO E REPRESENTACAO LTDA,LUIZ CLAUDIO,LAVADO,,BRUNO MICHEL,ENTREGA TECNICA,CONFIRMADO,NÃO COMPARECEU,
21/01/2026,qua.,QUA.,16:00,TR014082,9.180,PLAY PHARMA COMERCIO DE PRODUTOS HOSPIT,JORGE,LAVADO,,VALMARIO,ENTREGA TECNICA,CONFIRMADO,CONCLUIDO,
21/01/2026,qua.,QUA.,DIA TODO,,33.480,CARGIL BIOENERGIA LTDA,FERNANDO GER.,,,WANDERSON,T.C.PRATICO,CONFIRMADO,CONCLUIDO,
22/01/2026,qui.,QUI.,09:00,TR026645,26.320,WALDECY FIORI,EURIPEDES,LAVADO,,VALMARIO,ENTREGA TECNICA,CONFIRMADO,CONCLUIDO,
22/01/2026,qui.,QUI.,13:30,TR200185,29.530,TECPAV TECNOLOGIA E PAVIMENTACAO LTDA,RUI,LAVADO,,VALMARIO,ENTREGA TECNICA,CONFIRMADO,CONCLUIDO,
22/01/2026,qui.,QUI.,DIA TODO,,33.480,CARGIL BIOENERGIA LTDA,FERNANDO GER.,,,WANDERSON,T.C.PRATICO,CONFIRMADO,CONCLUIDO,
23/01/2026,sex.,SEX.,13:30,TR018499,9.180,CR BRASIL INDUSTRIA E COMERCIO DE ALIMENTOS LTDA,CARLOS,LAVADO,,VALMARIO,ENTREGA TECNICA,CONFIRMADO,CONCLUIDO,
23/01/2026,sex.,SEX.,14:00,TR000248,11.180,T & T COMERCIO E REPRESENTACAO LTDA,LUIZ CLAUDIO,LAVADO,,MARCIO,ENTREGA TECNICA,CONFIRMADO,CONCLUIDO,
23/01/2026,sex.,SEX.,DIA TODO,,33480,CARGIL BIOENERGIA LTDA,FERNANDO GER.,,,WANDERSON,T.C.PRATICO,CONFIRMADO,CONCLUIDO,
24/01/2026,sáb.,SÁB.,10:00,TR001900,11.180,RODRIGUES DISTRIBUIDORA,CARLOS,LAVADO,,MARCIO,ENTREGA TECNICA,CONFIRMADO,CONCLUIDO,
26/01/2026,seg.,SEG.,09:00,TR014082,9.180,PLAY PHARMA COMERCIO DE PRODUTOS HOSPIT,JORGE,LAVADO,,VALMARIO,ENTREGA TECNICA,CONFIRMADO,CONCLUIDO,
26/01/2026,seg.,SEG.,09:00,TR006185,26.320,IAGGO CARDOSO LIMA,CARLOS,LAVADO,,WANDERSON,ENTREGA TECNICA,CONFIRMADO,CONCLUIDO,
26/01/2026,seg.,SEG.,A TARDE,,,WANDERSON - MEDICO,FERNANDO GER.,,,WANDERSON,ATENDIMENTO,CONFIRMADO,CONCLUIDO,
28/01/2026,qua.,QUA.,DIA TODO,NR041008,24.280,BOMSUCESSO,FERNANDO GER.,,,WANDERSON,TREINAMENTO,CONFIRMADO,CONCLUIDO,
29/01/2026,qui.,QUI.,09:00,TR011385,9.180,AGUA NA BOCA SERVICOS LTDA,RUI,LAVADO,,VALMARIO,ATENDIMENTO,CONFIRMADO,NÃO COMPARECEU,
29/01/2026,qui.,QUI.,09:00,TR030530,17.210,ELETROAGRO MONTAGENS ELETRICAS LTDA,CRISTIANO,LAVADO,,WANDERSON,ENTREGA TECNICA,CONFIRMADO,CONCLUIDO,
29/01/2026,qui.,QUI.,13:30,TR011385,9.180,AGUA NA BOCA SERVICOS LTDA,RUI,LAVADO,,WANDERSON,ATENDIMENTO,CONFIRMADO,CONCLUIDO,
29/01/2026,qui.,QUI.,16:00,TR022435,27.260,ITACUA INDUSTRIA E COMERCIO DE MINERIOS LTDA,EURIPEDES,LAVADO,,WANDERSON,ENTREGA TECNICA,CONFIRMADO,CONCLUIDO,
30/01/2026,sex.,SEX.,09:00,TR006583,11.180,IVAIR LOPES - SEMI NOVO,JORGE,LAVADO,,VALMARIO,ENTREGA TECNICA,CONFIRMADO,CONCLUIDO,
30/01/2026,sex.,SEX.,10:00,TR201771,28.480,DOMINGOS E CUNHA TRANSPORTES LTDA - ITUMBIARA,MARIANA,LAVADO,,WANDERSON,ENTREGA TECNICA,CONFIRMADO,CONCLUIDO,
30/01/2026,sex.,SEX.,11:00,TR013628,25.480,RE TRANSPORTES LTDA,LUIZ CLAUDIO,LAVADO,,VALMARIO,ENTREGA TECNICA,CONFIRMADO,CONCLUIDO,
30/01/2026,sex.,SEX.,16:00,TR010673,26.320,MESTRE PRODUTORA DE EVENTOS LTDA,DOUGLAS,LAVADO,,VALMARIO,ENTREGA TECNICA,CONFIRMADO,CONCLUIDO,
31/01/2026,sáb.,SÁB.,10:00,TR009513,32.380,STADIUM CONSTRUTORA LTDA,DOUGLAS,LAVADO,,BRUNO MICHEL,ENTREGA TECNICA,CONFIRMADO,CONCLUIDO,
02/02/2026,seg.,SEG.,13:30,TR202928,29.530,R B S PRODUTOS DE PANIFICADORA LTDA,JORGE,LAVADO,,WANDERSON,ENTREGA TECNICA,CONFIRMADO,CONCLUIDO,
02/02/2026,seg.,SEG.,16:00,TR000239,11.180,NWF TRANSPORTES E LOGISTICA LTDA,CARLOS,LAVADO,,VALMARIO,ENTREGA TECNICA,CONFIRMADO,NÃO COMPARECEU,
04/02/2026,qua.,QUA.,09:00,TR202043,28.480,SINVAL JOSE DA SILVA LTDA,LUIZ CLAUDIO,LAVADO,,MARCIO,ENTREGA TECNICA,CONFIRMADO,CONCLUIDO,
04/02/2026,qua.,QUA.,09:00,TR027984,30.320,CERAMICA NOVA ALIANCA LTDA,DOUGLAS,LAVADO,,WANDERSON,ENTREGA TECNICA,CONFIRMADO,CONCLUIDO,
04/02/2026,qua.,QUA.,09:00,TR032501,17.210,MUNICIPIO DE CASTELANDIA,WALERIA,LAVADO,,VALMARIO,ENTREGA TECNICA,CONFIRMADO,CONCLUIDO,
04/02/2026,qua.,QUA.,13:30,TR011570,9.180,DR GELADOS LTDA,JORGE,LAVADO,,VALMARIO,ENTREGA TECNICA,CONFIRMADO,CONCLUIDO,
04/02/2026,qua.,QUA.,16:00,TR000239,11.180,NWF TRANSPORTES E LOGISTICA LTDA,CARLOS,LAVADO,,WANDERSON,ENTREGA TECNICA,CONFIRMADO,CONCLUIDO,
04/02/2026,qua.,QUA.,16:00,TR000130,11.180,NWF TRANSPORTES E LOGISTICA LTDA,CARLOS,LAVADO,,WANDERSON,ENTREGA TECNICA,CONFIRMADO,CONCLUIDO,
04/02/2026,qua.,QUA.,16:00,TR001595,11.180,REDE PET PRODUTOS AGROPECUARIOS LTDA,JORGE,LAVADO,,VALMARIO,ENTREGA TECNICA,CONFIRMADO,CONCLUIDO,
05/02/2026,qui.,QUI.,11:00,TR203002,29.530,COSTA E TAVARES TRANSP. RODOVIARIOS DE CARGAS,MARIANA,LAVADO,,WANDERSON,ENTREGA TECNICA,CONFIRMADO,CONCLUIDO,
05/02/2026,qui.,QUI.,16:00,TR021909,30.320,KJ TRANSPORTES LTDA,GADMA,NÃO LAVAR,,VALMARIO,ENTREGA TECNICA,CONFIRMADO,CONCLUIDO,
06/02/2026,sex.,SEX.,09:00,SR041860,9.180 OD,BRITANIA - FUNDO MUNICIPAL DE SAUDE,WALERIA,LAVADO,,VALMARIO,ENTREGA TECNICA,CONFIRMADO,CONCLUIDO,
06/02/2026,sex.,SEX.,DIA TODO,TR202861,29.530,MMJV GRAOS LTDA - ITUMBIARA,MARIANA,LAVADO,,MARCIO,ENTREGA TECNICA,CONFIRMADO,CONCLUIDO,
06/02/2026,sex.,SEX.,DIA TODO,TR202039,29.530,MMJV GRAOS LTDA - ITUMBIARA,MARIANA,LAVADO,,BRUNO MICHEL,ENTREGA TECNICA,CONFIRMADO,CONCLUIDO,
06/02/2026,sex.,SEX.,DIA TODO,,,EXAMES MEDICOS - DOAÇÃO DE SANGUE,FERNANDO,,,WANDERSON,RETORNO,CONFIRMADO,CONCLUIDO,
07/02/2026,sáb.,SÁB.,09:00,SR040639,33.480,PEDREIRA HVB LTDA,JORGE,,,VALMARIO,ENTREGA TECNICA,CONFIRMADO,CONCLUIDO,
09/02/2026,seg.,SEG.,09:00,TR029221,13.180,ALB TRANSPORTE E LOGISTICA LTDA,DOUGLAS,LAVADO,,WANDERSON,ENTREGA TECNICA,CONFIRMADO,CONCLUIDO,
09/02/2026,seg.,SEG.,13:30,TR003005,27.260,CONSTRUTORA RASSI LTDA,PAULO,LAVADO,,VALMARIO,ENTREGA TECNICA,CONFIRMADO,CONCLUIDO,
10/02/2026,ter.,TER.,16:00,TR202932,29.530,GAGOS CHAPEACAO E PINTURA LTDA,PAULO,LAVADO,,VALMARIO,ENTREGA TECNICA,CONFIRMADO,CONCLUIDO,
10/02/2026,ter.,TER.,A TARDE,,,REUNIAO CIPA,,,,MARCIO,,,CONCLUIDO,
11/02/2026,qua.,QUA.,09:00,TR000248,11.180,T & T COMERCIO E REPRESENTACAO LTDA,LUIZ CLAUDIO,Ñ LAVAR,,WANDERSON,ENTREGA TECNICA,CONFIRMADO,CONCLUIDO,
11/02/2026,qua.,QUA.,13:30,TR031482,13.180,SUSTENTAR RECICLAVEIS LTDA,PAULO,LAVADO,,VALMARIO,ENTREGA TECNICA,CONFIRMADO,CONCLUIDO,
11/02/2026,qua.,QUA.,16:00,TR004745,18.320,RE TRANSPORTES LTDA,LUIZ CLAUDIO,LAVADO,,WANDERSON,ENTREGA TECNICA,CONFIRMADO,CONCLUIDO,
12/02/2026,qui.,QUI.,08:00,VR000273,17.210,CEL ENGENHARIA LTDA,RUI,LAVADO,,WANDERSON,ENTREGA TECNICA,CONFIRMADO,CONCLUIDO,
12/02/2026,qui.,QUI.,09:00,TR029252,13.180,RENOVADORA DE PNEUS FUTURA LTDA,LUIZ CLAUDIO,LAVADO,,VALMARIO,ENTREGA TECNICA,CONFIRMADO,CONCLUIDO,
12/02/2026,qui.,QUI.,16:00,TR023007,30.320,STA - DISTRIBUIDORA DE ALIMENTOS LTDA,LUIZ CLAUDIO,LAVADO,SIM,VALMARIO,ENTREGA TECNICA,CONFIRMADO,CONCLUIDO,
13/02/2026,sex.,SEX.,16:00,RR071230,11.180,ALAN CARLOS CARVALHO FERNANDES,DOUGLAS,LAVADO,SIM,VALMARIO,ENTREGA TECNICA,CONFIRMADO,CONCLUIDO,
14/02/2026,sáb.,SÁB.,10:00,TR029194,13.180,ALB TRANSPORTE E LOGISTICA LTDA,DOUGLAS,Ñ LAVAR,SIM,BRUNO MICHEL,ENTREGA TECNICA,CONFIRMADO,,
14/02/2026,sáb.,SÁB.,DE MANHÃ,,9.180,RECOL AMBIENTAL,FERNANDO GER.,,,WANDERSON,TREINAMENTO,CONFIRMADO,CONCLUIDO,
18/02/2026,qua.,QUA.,08:00,TR034086,26.260,M&C TRANSPORTES LTDA,CRISTIANO,LAVADO,SIM,WANDERSON,ENTREGA TECNICA,CONFIRMADO,NÃO COMPARECEU,
18/02/2026,qua.,QUA.,10:00,TR034921,30.320,AUTO POSTO AEROVIARIO LTDA,CRISTIANO,LAVADO,SIM,VALMARIO,ENTREGA TECNICA,CONFIRMADO,NÃO COMPARECEU,
18/02/2026,qua.,QUA.,13:30,TR026483,25.480,PRIMOR ENGENHARIA LTDA,JORGE,LAVADO,SIM,WANDERSON,ENTREGA TECNICA,CONFIRMADO,CONCLUIDO,
18/02/2026,qua.,QUA.,16:00,TR000129,11.180,MATHEUS ROTH SILVA FERREIRA,DOUGLAS,LAVADO,NÃO,WANDERSON,ENTREGA TECNICA,CONFIRMADO,CONCLUIDO,
19/02/2026,qui.,QUI.,10:00,TR016053,30.320,IVAGNO TRANSPORTES LTDA,DOUGLAS,LAVADO,SIM,WANDERSON,ENTREGA TECNICA,CONFIRMADO,CONCLUIDO,
20/02/2026,sex.,SEX.,13:30,TR001703,11.180,REDE PET PRODUTOS AGROPECUARIOS LTDA,JORGE,LAVADO,SIM,WANDERSON,ENTREGA TECNICA,CONFIRMADO,CONCLUIDO,
23/02/2026,seg.,SEG.,09:00,TR031772,11.180,ARBORETHO IMPORTS LTDA,JORGE,LAVADO,SIM,VALMARIO,ENTREGA TECNICA,CONFIRMADO,CONCLUIDO,
23/02/2026,seg.,SEG.,09:30,,,WANDERSON - MEDICO,,,,WANDERSON,,CONFIRMADO,,
24/02/2026,ter.,TER.,10:00,VR000924,14.180,TAM LOGISTICA E TRANSPORTES LTDA,LUIZ CLAUDIO,LAVADO,SIM,VALMARIO,ENTREGA TECNICA,CONFIRMADO,CONCLUIDO,
24/02/2026,ter.,TER.,10:00,VR003298,14180,TAM LOGISTICA E TRANSPORTES LTDA,LUIZ CLAUDIO,LAVADO,SIM,VALMARIO,ENTREGA TECNICA,CONFIRMADO,CONCLUIDO,
25/02/2026,qua.,QUA.,13:30,TR034766,30320,MAXGAS DISTRIBUIDORA DE GAS LTDA,JORGE,LAVADO,SIM,VALMARIO,ENTREGA TECNICA,CONFIRMADO,CONCLUIDO,
27/02/2026,sex.,SEX.,09:00,TR015846,27.260,JBJ AGROPECUARIA LTDA,JORGE,LAVADO,SIM,VALMARIO,ENTREGA TECNICA,CONFIRMADO,CONCLUIDO,
27/02/2026,sex.,SEX.,16:00,VR000359,14.180,TAM LOGISTICA E TRANSPORTES LTDA ,LUIZ CLAUDIO,LAVADO,SIM,VALMARIO,ENTREGA TECNICA,CONFIRMADO,CONCLUIDO,
02/03/2026,seg.,SEG.,A TARDE,,,MEDICO ,,,,MARCIO,,,CONCLUIDO,
03/03/2026,ter.,TER.,09:00,SR037451,9.180,DISTRIBUIDORA DE DOCES IMPERIAL LTDA,EURIPEDES,LAVADO,NÃO,MÁRCIO,ENTREGA TECNICA,CONFIRMADO,CONCLUIDO,
03/03/2026,ter.,TER.,16:00,TR015509,27.260,GOLDMAN SOLUCOES EM SANEAMENTO LTDA - PIPA,PAULO,LAVADO,NÃO,MÁRCIO,ENTREGA TECNICA,CONFIRMADO,CONCLUIDO,
03/03/2026,ter.,TER.,DIA TODO,,24.280,BOMSUCESSO,FERNANDO,,,WANDERSON,TREINAMENTO ,CONFIRMADO,CONCLUIDO,
04/03/2026,qua.,QUA.,09:00,TR030442,26.320,NUTRIZA AGROINDUSTRIAL DE ALIMENTOS S.A.,LUIZ CLAUDIO,LAVADO,SIM,WANDERSON,ENTREGA TECNICA,CONFIRMADO,CONCLUIDO,
05/03/2026,qui.,QUI.,DIA TODO,,,TREINAMENTO CARGIL,FERNANDO,,,WANDERSON,TREINAMENTO ,CONFIRMADO,,
05/03/2026,qui.,QUI.,09:00,TR028472,30.320,METALURGICA CASTILHO LTDA,LUIZ CLAUDIO,LAVADO,SIM,MÁRCIO,ENTREGA TECNICA,CONFIRMADO,CONCLUIDO,
06/03/2026,sex.,SEX.,13:30,SR007027,11.180,ELI FRANCISCO DE LIMA JUNIOR,JORGE,LAVADO,NÃO,BRUNO MICHEL,ENTREGA TECNICA,CONFIRMADO,CONCLUIDO,
07/03/2026,sáb.,SÁB.,09:00,TR029063,13.180,ARAXAM GAS COM E TRANSPORTE LTDA,JORGE,Ñ LAVAR,SIM,MARCIO,ENTREGA TECNICA,CONFIRMADO,CONCLUIDO,
09/03/2026,seg.,SEG.,09:30,TR028151,EXPRESS,FRIPEIXE COMERCIO DE PESCADOS E TRANSPORTES LTDA,RUI,LAVADO,SIM,WANDERSON,ENTREGA TECNICA,CONFIRMADO,CONCLUIDO,
09/03/2026,seg.,SEG.,09:00,TR018010,9.180,PROCEN PROJETOS E CONSTRUCOES LTDA,CARLOS,LAVADO,SIM,MARCIO,ENTREGA TECNICA,CONFIRMADO,,
09/03/2026,seg.,SEG.,13:30,TR035390,11.180,D E R PRODUTOS DE LIMPEZA LTDA - USADO,GUILHERME,LAVADO,NÃO,WANDERSON,ENTREGA TECNICA,CONFIRMADO,CONCLUIDO,
10/03/2026,ter.,TER.,10:00,VR202939,29.530,MENELIK COSTA ADMINISTRACAO E NEGOCIOS LTDA,JORGE,LAVADO,NÃO,WANDERSON,ENTREGA TECNICA,CONFIRMADO,CONCLUIDO,
10/03/2026,ter.,TER.,10:00,VR202936,29.530,MENELIK COSTA ADMINISTRACAO E NEGOCIOS LTDA,JORGE,LAVADO,NÃO,WANDERSON,ENTREGA TECNICA,CONFIRMADO,CONCLUIDO,
10/03/2026,ter.,TER.,10:00,VR202895,29.530,MENELIK COSTA ADMINISTRACAO E NEGOCIOS LTDA,JORGE,LAVADO,NÃO,WANDERSON,ENTREGA TECNICA,CONFIRMADO,CONCLUIDO,
10/03/2026,ter.,TER.,10:00,VR202912,29.530,MENELIK COSTA ADMINISTRACAO E NEGOCIOS LTDA,JORGE,LAVADO,NÃO,WANDERSON,ENTREGA TECNICA,CONFIRMADO,CONCLUIDO,
11/03/2026,qua.,QUA.,08:00,TR031526,26.260,ARBORETHO IMPORTS LTDA,JORGE,LAVADO,NÃO,BRUNO MICHEL,ENTREGA TECNICA,CONFIRMADO,CONCLUIDO,
11/03/2026,qua.,QUA.,09:00,TR018010,9.180,PROCEN PROJETOS E CONSTRUCOES LTDA,CARLOS,LAVADO,SIM,MARCIO,ENTREGA TECNICA,CONFIRMADO,CONCLUIDO,
11/03/2026,qua.,QUA.,13:30,,,REUNIAO CIPA,,,,MARCIO,,,CONCLUIDO,
11/03/2026,qua.,QUA.,16:00,VR000852,11.180,ADM TRANSPORTES E LOGISTICA LTDA,LUIZ CARLOS,LAVADO,SIM,MARCIO,ENTREGA TECNICA,CONFIRMADO,CONCLUIDO,
11/03/2026,qua.,QUA.,16:00,VR000809,11.180,ADM TRANSPORTES E LOGISTICA LTDA,LUIZ CARLOS,LAVADO,SIM,MARCIO,ENTREGA TECNICA,CONFIRMADO,CONCLUIDO,
11/03/2026,qua.,QUA.,16:00,VR000853,11.180,ADM TRANSPORTES E LOGISTICA LTDA,LUIZ CARLOS,LAVADO,SIM,MARCIO,ENTREGA TECNICA,CONFIRMADO,CONCLUIDO,
11/03/2026,qua.,QUA.,16:00,VR000932,11.180,ADM TRANSPORTES E LOGISTICA LTDA,LUIZ CARLOS,LAVADO,SIM,MARCIO,ENTREGA TECNICA,CONFIRMADO,CONCLUIDO,
11/03/2026,qua.,QUA.,DE MANHÃ,,,WANDERSON INDISPONIVEL (ASSUNTO PARTICULAR),,,,WANDERSON,,CONFIRMADO,CONCLUIDO,
12/03/2026,qui.,QUI.,10:00,TR035346,11.180,ISABELA ANTUNES - USADO,GUILHERME,LAVADO,SIM,MARCIO,ENTREGA TECNICA,CONFIRMADO,CONCLUIDO,
12/03/2026,qui.,QUI.,16:00,TR031837,11.180,JESUS ALIMENTOS E TRANSPORTADORA LTDA,LUIZ CLAUDIO,LAVADO,SIM,MARCIO,ENTREGA TECNICA,CONFIRMADO,CONCLUIDO,
13/03/2026,sex.,SEX.,09:00,TR032214,26.260,ZUF FLORESTAS LTDA,LUIZ CLAUDIO,ñ lavar,SIM,WANDERSON,ENTREGA TECNICA,CONFIRMADO,CONCLUIDO,
13/03/2026,sex.,SEX.,16:00,VR202891,29.530,RODOVIARIO CONFIANCA LTDA,CRISTIANO,LAVADO,SIM,WANDERSON,ENTREGA TECNICA,CONFIRMADO,CONCLUIDO,
16/03/2026,seg.,SEG.,14:00,,,WANDERSON - MEDICO,FERNANDO GER.,,,WANDERSON,,CONFIRMADO,,
17/03/2026,ter.,TER.,09:00,VR003872,14.180,DIONE MARCIANO DE BRITO,GUILHERME,LAVADO,SIM,WANDERSON,ENTREGA TECNICA,CONFIRMADO,CONCLUIDO,
17/03/2026,ter.,TER.,16:00,VR005154,17.210,INDUSTRIA E COMERCIO DE BEBIDAS IMPERIAL S.A.,ENEIAS,LAVADO,NÃO,MARCIO,ENTREGA TECNICA,CONFIRMADO,CONCLUIDO,
17/03/2026,ter.,TER.,16:00,VR005266,17.210,INDUSTRIA E COMERCIO DE BEBIDAS IMPERIAL S.A.,ENEIAS,LAVADO,NÃO,MARCIO,ENTREGA TECNICA,CONFIRMADO,CONCLUIDO,
17/03/2026,ter.,TER.,16:00,VR005263,17.210,INDUSTRIA E COMERCIO DE BEBIDAS IMPERIAL S.A.,ENEIAS,LAVADO,NÃO,MARCIO,ENTREGA TECNICA,CONFIRMADO,CONCLUIDO,
17/03/2026,ter.,TER.,16:00,VR003155,17.210,INDUSTRIA E COMERCIO DE BEBIDAS IMPERIAL S.A.,ENEIAS,LAVADO,NÃO,MARCIO,ENTREGA TECNICA,CONFIRMADO,CONCLUIDO,
18/03/2026,qua.,QUA.,09:00,TR028460,30.320,VANIA MARIA MATIAS COUTINHO,DOUGLAS,,SIM,WANDERSON,ENTREGA TECNICA,CONFIRMADO,CONCLUIDO,
18/03/2026,qua.,QUA.,10:00,TR031170,26.260,INDUSTRIA E COMERCIO DE BEBIDAS IMPERIAL S.A.,ENEIAS,LAVADO,NÃO,MARCIO,ENTREGA TECNICA,CONFIRMADO,CONCLUIDO,
18/03/2026,qua.,QUA.,10:00,VR005131,17.210,INDUSTRIA E COMERCIO DE BEBIDAS IMPERIAL S.A.,ENEIAS,LAVADO,NÃO,MARCIO,ENTREGA TECNICA,CONFIRMADO,CONCLUIDO,
18/03/2026,qua.,QUA.,10:00,VR004920,17.210,INDUSTRIA E COMERCIO DE BEBIDAS IMPERIAL S.A.,ENEIAS,LAVADO,NÃO,MARCIO,ENTREGA TECNICA,CONFIRMADO,CONCLUIDO,
18/03/2026,qua.,QUA.,10:00,VR003468,17.210,INDUSTRIA E COMERCIO DE BEBIDAS IMPERIAL S.A.,ENEIAS,LAVADO,NÃO,MARCIO,ENTREGA TECNICA,CONFIRMADO,CONCLUIDO,
18/03/2026,qua.,QUA.,16:00,VR001339,11.180,ANAS TRANSPORTES LTDA,DOUGLAS,,NAO,WANDERSON,ENTREGA TECNICA,CONFIRMADO,CONCLUIDO,
18/03/2026,qua.,QUA.,16:00,TR019567,30.320,MINERACAO PEDRA VIVA LTDA,LUIZ CLAUDIO,Ñ LAVAR,NAO,MARCIO,ENTREGA TECNICA,CONFIRMADO,CONCLUIDO,
19/03/2026,qui.,QUI.,09:00,TR034086,26.260,M&C TRANSPORTES LTDA,CRISTIANO,LAVADO,SIM,MARCIO,ENTREGA TECNICA,CONFIRMADO,NÃO COMPARECEU,
19/03/2026,qui.,QUI.,13:30,TR023408,30.320,MARLON ATACAREJO LTDA,DOUGLAS,LAVADO,SIM,WANDERSON,ENTREGA TECNICA,CONFIRMADO,CONCLUIDO,
19/03/2026,qui.,QUI.,16:00,TR034086,26.260,M&C TRANSPORTES LTDA,CRISTIANO,LAVADO,SIM,MARCIO,ENTREGA TECNICA,CONFIRMADO,NÃO COMPARECEU,
19/03/2026,qui.,QUI.,16:00,TR006975,17.210,ZUF FLORESTAS LTDA,LUIZ CLAUDIO,,SIM,MARCIO,ENTREGA TECNICA,CONFIRMADO,CONCLUIDO,
20/03/2026,sex.,SEX.,DIA TODO,METEOR,,MMJV - CATALÃO,MARIANA,,,WANDERSON,ENTREGA TECNICA,CONFIRMADO,CONCLUIDO,
20/03/2026,sex.,SEX.,09:00,VR000416,14.180,CESAR SISTEMAS CONSTRUTIVOS LTDA,DOUGLAS,LAVADO,SIM,MARCIO,ENTREGA TECNICA,CONFIRMADO,CONCLUIDO,
23/03/2026,seg.,SEG.,09:00,,,WANDERSON - MEDICO,FERNANDO GER.,,,WANDERSON,,CONFIRMADO,,
24/03/2026,ter.,TER.,09:00,TR016444,26.260,INDUSTRIA E COMERCIO DE BEBIDAS IMPERIAL S.A.,ENEIAS,LAVADO,NÃO,MARCIO,ENTREGA TECNICA,CONFIRMADO,NÃO COMPARECEU,
24/03/2026,ter.,TER.,09:00,TR029913,26.260,INDUSTRIA E COMERCIO DE BEBIDAS IMPERIAL S.A.,ENEIAS,LAVADO,NÃO,MARCIO,ENTREGA TECNICA,CONFIRMADO,NÃO COMPARECEU,
24/03/2026,ter.,TER.,09:00,VR003049,17.210,INDUSTRIA E COMERCIO DE BEBIDAS IMPERIAL S.A.,ENEIAS,LAVADO,NÃO,MARCIO,ENTREGA TECNICA,CONFIRMADO,NÃO COMPARECEU,
24/03/2026,ter.,TER.,09:00,TR028366,26.260,INDUSTRIA E COMERCIO DE BEBIDAS IMPERIAL S.A.,ENEIAS,LAVADO,NÃO,MARCIO,ENTREGA TECNICA,CONFIRMADO,NÃO COMPARECEU,
24/03/2026,ter.,TER.,13:30,TR034086,26.260,M&C TRANSPORTES LTDA,CRISTIANO,LAVADO,SIM,MARCIO,ENTREGA TECNICA,CONFIRMADO,CONCLUIDO,
24/03/2026,ter.,TER.,16:00,VR202984,29.530,J A TRANSPORTES E CARGAS LTDA,PAULO,LAVADO,SIM,MARCIO,ENTREGA TECNICA,CONFIRMADO,CONCLUIDO,
25/03/2026,qua.,QUA.,DIA TODO,,,EXPOAGRO ITUMBIARA,FABIANO,,,WANDERSON,ATENDIMENTO,CONFIRMADO,,
26/03/2026,qui.,QUI.,DIA TODO,,,EXPOAGRO ITUMBIARA,FABIANO,,,WANDERSON,ATENDIMENTO,CONFIRMADO,,
26/03/2026,qui.,QUI.,09:00,TR033316,26.260,MUNICIPIO DE ITAPURANGA,VALERIA,LAVADO,NÃO,MARCIO,ENTREGA TECNICA,CONFIRMADO,CONCLUIDO,
26/03/2026,qui.,QUI.,13:30,TR016444,26.260,INDUSTRIA E COMERCIO DE BEBIDAS IMPERIAL S.A.,ENEIAS,LAVADO,NÃO,MARCIO,ENTREGA TECNICA,CONFIRMADO,CONCLUIDO,
26/03/2026,qui.,QUI.,13:30,TR029913,26.260,INDUSTRIA E COMERCIO DE BEBIDAS IMPERIAL S.A.,ENEIAS,LAVADO,NÃO,MARCIO,ENTREGA TECNICA,CONFIRMADO,CONCLUIDO,
26/03/2026,qui.,QUI.,13:30,VR003049,17.210,INDUSTRIA E COMERCIO DE BEBIDAS IMPERIAL S.A.,ENEIAS,LAVADO,NÃO,MARCIO,ENTREGA TECNICA,CONFIRMADO,CONCLUIDO,
26/03/2026,qui.,QUI.,13:30,TR028366,26.260,INDUSTRIA E COMERCIO DE BEBIDAS IMPERIAL S.A.,ENEIAS,LAVADO,NÃO,MARCIO,ENTREGA TECNICA,CONFIRMADO,CONCLUIDO,
27/03/2026,sex.,SEX.,DIA TODO,,,EXPOAGRO ITUMBIARA,FABIANO,,,WANDERSON,ATENDIMENTO,CONFIRMADO,CONCLUIDO,
27/03/2026,sex.,SEX.,09:00,TR028203,26.260,INDUSTRIA E COMERCIO DE BEBIDAS IMPERIAL S.A.,ENEIAS,LAVADO,NÃO,MARCIO,ENTREGA TECNICA,CONFIRMADO,CONCLUIDO,
27/03/2026,sex.,SEX.,13:30,TR023001,30.320,TRANSPORTADORA DARCI LTDA,EURIPEDES,LAVADO,SIM,MARCIO,ENTREGA TECNICA,CONFIRMADO,CONCLUIDO,
27/03/2026,sex.,SEX.,16:00,TR023786,30.320,PAULO DE CASTRO REZENDE,LUIZ CLAUDIO,LAVADO,SIM,MARCIO,ENTREGA TECNICA,CONFIRMADO,CONCLUIDO,
30/03/2026,seg.,SEG.,08:00,TR021735,30.320,AUTO SOCORRO CAMPO ALEGRE LTDA,LUIZ CLAUDIO,LAVADO,SIM,BRUNO MICHEL,ENTREGA TECNICA,CONFIRMADO,CONCLUIDO,
30/03/2026,seg.,SEG.,09:00,,,WANDERSON - MEDICO,FERNANDO GER.,,,WANDERSON,,CONFIRMADO,CONCLUIDO,
30/03/2026,seg.,SEG.,09:00,TR029251,31.320,CONSTRUTORA RASSI LTDA,PAULO,LAVADO,NÃO,MARCIO,ENTREGA TECNICA,CONFIRMADO,CONCLUIDO,
31/03/2026,ter.,TER.,DIA TODO,,,WANDERSON TREINAMENTO EDEALINA,WALERIA,,,,TREINAMENTO,CONFIRMADO,CONCLUIDO,
31/03/2026,ter.,TER.,09:00,VR006275,14.180,D & M LOCACAO DE EQUIPAMENTOS LTDA,PAULO,Ñ LAVOU,NÃO,MARCIO,ENTREGA TECNICA,CONFIRMADO,CONCLUIDO,
31/03/2026,ter.,TER.,09:00,TR032647,26.260,GLOBAL COMERCIO E INDUSTRIA DE TENDAS E GALPOES LTDA,JORGE,LAVADO,SIM,WANDERSON,ENTREGA TECNICA,CONFIRMADO,CONCLUIDO,
31/03/2026,ter.,TER.,13:30,VR000356,14.210,MUNICIPIO DE BELA VISTA DE GOIAS,WALERIA,LAVADO,NÃO,WANDERSON,ENTREGA TECNICA,CONFIRMADO,CONCLUIDO,
31/03/2026,ter.,TER.,16:00,TR031440,9.180 OD,FUNDO MUNICIPAL DE ASSISTENCIA SOCIAL DE SANCLERLANDIA,VALERIA,LAVADO,NÃO,WANDERSON,ENTREGA TECNICA,CONFIRMADO,CONCLUIDO,
01/04/2026,qua.,QUA.,13:30,TR026971,18.210,STADIUM CONSTRUTORA LTDA,DOUGLAS,LAVADO,SIM,WANDERSON,ENTREGA TECNICA,CONFIRMADO,CONCLUIDO,
01/04/2026,qua.,QUA.,13:30,TR030477,17.210,STADIUM CONSTRUTORA LTDA,DOUGLAS,LAVADO,SIM,WANDERSON,ENTREGA TECNICA,CONFIRMADO,CONCLUIDO,
01/04/2026,qua.,QUA.,16:00,TR025690,27.260,CONSTRUTORA CASTANHEIRA LTDA ,CRISTIANO,LAVADO,NÃO,WANDERSON,ENTREGA TECNICA,CONFIRMADO,CONCLUIDO,
01/04/2026,qua.,QUA.,16:00,TR025668,27.260,CONSTRUTORA CASTANHEIRA LTDA ,CRISTIANO,LAVADO,NÃO,WANDERSON,ENTREGA TECNICA,CONFIRMADO,CONCLUIDO,
02/04/2026,qui.,QUI.,09:00,TR028423,25.480,RTL ENCOMENDAS E CARGAS LTDA,CRISTIANO,LAVADO,SIM,MARCIO,ENTREGA TECNICA,CONFIRMADO,CONCLUIDO,
02/04/2026,qui.,QUI.,13:30,TR004705,11.180,DELPS TRANSPORTES E LOGISTICA LTDA ,CARLOS,LAVADO,NÃO,WANDERSON,ENTREGA TECNICA,CONFIRMADO,CONCLUIDO,
06/04/2026,seg.,SEG.,13:30,TR020213,31.320,CONSTRUTORA PERFIL LTDA,RUI,LAVADO,NÃO,WANDERSON,ENTREGA TECNICA,CONFIRMADO,CONCLUIDO,
06/04/2026,seg.,SEG.,13:30,VR202983,29.530,TRANSTINI LOGISTICA EXPRESS LTDA,JORGE,LAVADO,SIM,MARCIO,ENTREGA TECNICA,CONFIRMADO,CONCLUIDO,
06/04/2026,seg.,SEG.,16:00,TR022388,26.260,CONSTRUTORA CENTRO LESTE S.A.,RUI,LAVADO,SIM,MARCIO,ENTREGA TECNICA,CONFIRMADO,NÃO COMPARECEU,
07/04/2026,ter.,TER.,09:00,TR020374,20.480,RBY EXPRESS TRANSPORTES LTDA,JORGE,LAVADO,NÃO,MARCIO,ENTREGA TECNICA,CONFIRMADO,CONCLUIDO,
07/04/2026,ter.,TER.,09:00,TR019888,20.480,RBY EXPRESS TRANSPORTES LTDA,JORGE,LAVADO,NÃO,MARCIO,ENTREGA TECNICA,CONFIRMADO,CONCLUIDO,
07/04/2026,ter.,TER.,16:00,TR031773,11.180,ROBSON BEZERRA DA SILVA LTDA,JORGE,LAVADO,SIM,WANDERSON,ENTREGA TECNICA,CONFIRMADO,CONCLUIDO,
08/04/2026,qua.,QUA.,DIA TODO,,,WANDERSON - CARGIL,WANDERSON,,,,TREINAMENTO,,CONCLUIDO,
08/04/2026,qua.,QUA.,09:00,VR000120,18.260,IPE RESIDUOS E SERVICOS LTDA,CARLOS,LAVADO,SIM,MARCIO,ENTREGA TECNICA,CONFIRMADO,CONCLUIDO,
08/04/2026,qua.,QUA.,16:00,TR022388,26.260,CONSTRUTORA CENTRO LESTE S.A.,RUI,LAVADO,SIM,MARCIO,ENTREGA TECNICA,CONFIRMADO,CONCLUIDO,
09/04/2026,qui.,QUI.,09:00,VR203128,29.530,BBT TRANSPORTES LTDA,DOUGLAS,LAVADO,NÃO,WANDERSON,ENTREGA TECNICA,CONFIRMADO,CONCLUIDO,
09/04/2026,qui.,QUI.,09:00,VR203129,29.530,BBT TRANSPORTES LTDA,DOUGLAS,LAVADO,NÃO,WANDERSON,ENTREGA TECNICA,CONFIRMADO,CONCLUIDO,
09/04/2026,qui.,QUI.,09:00,TR019289,26.260,CONSTRUTORA CENTRO LESTE S.A.,RUI,,SIM,MARCIO,ENTREGA TECNICA,CONFIRMADO,CONCLUIDO,
09/04/2026,qui.,QUI.,16:00,TR023274,20.480,JOSE CARLOS GUIMARAES MESQUITA,JORGE,LAVADO,NÃO,WANDERSON,ENTREGA TECNICA,CONFIRMADO,CONCLUIDO,
09/04/2026,qui.,QUI.,16:00,TR022904,20.480,NOVO MUNDO S.A. ,JORGE,LAVADO,NÃO,WANDERSON,ENTREGA TECNICA,CONFIRMADO,CONCLUIDO,
09/04/2026,qui.,QUI.,16:00,TR003306,20.480,NOVO MUNDO S.A. ,JORGE,LAVADO,NÃO,WANDERSON,ENTREGA TECNICA,CONFIRMADO,CONCLUIDO,
10/04/2026,sex.,SEX.,08:00,TR017799,26.260,CONSTRUTORA CENTRO LESTE S.A.,RUI,,SIM,MARCIO,ENTREGA TECNICA,CONFIRMADO,CONCLUIDO,
10/04/2026,sex.,SEX.,13:30,TR022325,26.320,RNV SERVICOS SUSTENTAVEIS LTDA,ENEIAS,LAVADO,NÃO,WANDERSON,ENTREGA TECNICA,CONFIRMADO,NÃO COMPARECEU,
10/04/2026,sex.,SEX.,16:00,TR031957,11.180,LC ENCOMENDAS E CARGAS LTDA,CRISTIANO,LAVADO,SIM,WANDERSON,ENTREGA TECNICA,CONFIRMADO,CONCLUIDO,
10/04/2026,sex.,SEX.,16:00,TR023566,25.480,LC ENCOMENDAS E CARGAS LTDA,CRISTIANO,LAVADO,SIM,WANDERSON,ENTREGA TECNICA,CONFIRMADO,CONCLUIDO,
11/04/2026,sáb.,SÁB.,08:00,TR031836,11.180,PMT LOGISTICA E TRANSPORTES LTDA,MARIANA,NÃO LAVAR,NÃO,WANDERSON,ENTREGA TECNICA,CONFIRMADO,CONCLUIDO,
13/04/2026,seg.,SEG.,09:00,TR031662,11.180,ELI FRANCISCO DE LIMA JUNIOR,JORGE,LAVADO,NÃO,MARCIO,ENTREGA TECNICA,CONFIRMADO,CONCLUIDO,
13/04/2026,seg.,SEG.,13:30,TR022148,9.180,7 F TRANSPORTES LTDA,LUIZ CARLOS,LAVADO,NÃO,WANDERSON,ENTREGA TECNICA,CONFIRMADO,CONCLUIDO,
13/04/2026,seg.,SEG.,13:30,TR022306,26.260,CONSTRUTORA CENTRO LESTE S.A. ,RUI,,SIM,MARCIO,ENTREGA TECNICA,CONFIRMADO,NÃO COMPARECEU,
13/04/2026,seg.,SEG.,16:00,TR022325,26.320,RNV SERVICOS SUSTENTAVEIS LTDA,ENEIAS,LAVADO,NÃO,WANDERSON,ENTREGA TECNICA,CONFIRMADO,CONCLUIDO,
13/04/2026,seg.,SEG.,16:00,TR031764,11.180,CASA DO PADEIRO LTDA,DOUGLAS,LAVADO,SIM,MARCIO,ENTREGA TECNICA,CONFIRMADO,CONCLUIDO,
14/04/2026,ter.,TER.,DIA TODO,TR032349,17.210,MUNICIPIO DE VIANOPOLIS - combustivel p/ 100km ,WALERIA,LAVADO,NÃO,WANDERSON,ENTREGA TECNICA,CONFIRMADO,,
14/04/2026,ter.,TER.,10:00,VR011148,11.180,ALL MOTORS SHOPPING CAR LTDA,GUSTAVO,LAVADO,NÃO,MARCIO,ENTREGA TECNICA,CONFIRMADO,CONCLUIDO,
14/04/2026,ter.,TER.,10:00,VR011105,11.180,ALL MOTORS SHOPPING CAR LTDA,GUSTAVO,LAVADO,NÃO,MARCIO,ENTREGA TECNICA,CONFIRMADO,CONCLUIDO,
14/04/2026,ter.,TER.,13:30,TR034761,30.320,ATACADISTA POPULAR DISTRIBUIDORA LTDA,MARIANA,LAVADO,NÃO,MARCIO,ENTREGA TECNICA,CONFIRMADO,CONCLUIDO,
14/04/2026,ter.,TER.,16:00,TR022306,26.260,CONSTRUTORA CENTRO LESTE S.A. ,RUI,,SIM,MARCIO,ENTREGA TECNICA,CONFIRMADO,CONCLUIDO,
14/04/2026,ter.,TER.,16:00,TR011697,26.260,ECO FABERR CONSTRUTORA FABRICACAO ,PAULO,LAVADO,SIM,WANDERSON,ENTREGA TECNICA,CONFIRMADO,CONCLUIDO,
15/04/2026,qua.,QUA.,08:00,,,NOVO MUNDO S.A. ,JORGE,,NÃO,WANDERSON,TREINAMENTO ,,,
15/04/2026,qua.,QUA.,13:30,TR035172,30.320,TAM LOGISTICA E TRANSPORTES LTDA,LUIZ CLAUDIO,LAVADO,SIM,MARCIO,ENTREGA TECNICA,CONFIRMADO,CONCLUIDO,
15/04/2026,qua.,QUA.,16:00,TR016518,26.260,070 AGROPECUARIA E COMERCIO LTDA,PAULO,LAVADO,SIM,MARCIO,ENTREGA TECNICA,CONFIRMADO,CONCLUIDO,
16/04/2026,qui.,QUI.,DIA TODO,VR202932,29.530,ARMANDO MARTINS DE OLIVEIRA - ITUMBIARA,MÔNACO,,NÃO,WANDERSON,ENTREGA TECNICA,CONFIRMADO,CONCLUIDO,
16/04/2026,qui.,QUI.,DIA TODO,VR202954,29.530,ARMANDO MARTINS DE OLIVEIRA - ITUMBIARA,MÔNACO,,NÃO,WANDERSON,ENTREGA TECNICA,CONFIRMADO,CONCLUIDO,
16/04/2026,qui.,QUI.,09:00,VR003845,14.180,FERRO E ACO SUDOESTE LTDA,CRISTIANO,LAVADO,NÃO,MARCIO,ENTREGA TECNICA,CONFIRMADO,CONCLUIDO,
16/04/2026,qui.,QUI.,13:30,VR007059,17.210,CEL ENGENHARIA LTDA ,RUI,LAVADO,NÃO,MARCIO,ENTREGA TECNICA,CONFIRMADO,CONCLUIDO,
16/04/2026,qui.,QUI.,16:00,VR003734,14.180,ISOPLAY TELHAS TERMICAS LTDA,RUI,LAVADO,SIM,MARCIO,ENTREGA TECNICA,CONFIRMADO,CONCLUIDO,
17/04/2026,sex.,SEX.,DE MANHÃ,,,WANDERSON,,,,,,,,
17/04/2026,sex.,SEX.,09:00,TR033198,26.260,LATICINIOS VILA RICA,GUILHERME,LAVADO,NÃO,MARCIO,ENTREGA TECNICA,CONFIRMADO,NÃO COMPARECEU,
17/04/2026,sex.,SEX.,16:00,TR021827,25.480,TRANSRODOVAL ENCOMENDAS E CARGAS LTDA ,PAULO,LAVADO,NÃO,MARCIO,ENTREGA TECNICA,CONFIRMAR,CONCLUIDO,
20/04/2026,seg.,SEG.,13:30,VR007048,17.210,CEL ENGENHARIA LTDA ,RUI,LAVADO,NÃO,MARCIO,ENTREGA TECNICA,CONFIRMADO,CONCLUIDO,
20/04/2026,seg.,SEG.,13:30,VR007148,17.210,CEL ENGENHARIA LTDA ,RUI,LAVADO,NÃO,MARCIO,ENTREGA TECNICA,CONFIRMAR,CONCLUIDO,
20/04/2026,seg.,SEG.,16:00,JR820861,24.280,EDMILSON AMARO NEVES,PAULO,USADO,NÃO,BRUNO,ENTREGA TECNICA,CONFIRMADO,CONCLUIDO,
20/04/2026,seg.,SEG.,16:00,TR033198,26.260,LATICINIOS VILA RICA,GUILHERME,USADO,NÃO,MARCIO,ENTREGA TECNICA,CONFIRMADO,NÃO COMPARECEU,
21/04/2026,ter.,TER.,,,,FERIADO,,,,,,,,
22/04/2026,qua.,QUA.,09:00,VR009882,26.260,CODEVASF - ANS,WALERIA,,NÃO,LEVAR PARA ANAPOLIS,ENTREGA TECNICA,CONFIRMADO,CONCLUIDO,
22/04/2026,qua.,QUA.,09:00,VR009782,26.260,CODEVASF - ANS,WALERIA,,NÃO,LEVAR PARA ANAPOLIS,ENTREGA TECNICA,CONFIRMADO,CONCLUIDO,
22/04/2026,qua.,QUA.,09:00,VR009537,26.260,CODEVASF - ANS,WALERIA,,NÃO,LEVAR PARA ANAPOLIS,ENTREGA TECNICA,CONFIRMADO,CONCLUIDO,
22/04/2026,qua.,QUA.,09:00,VR009814,26.260,CODEVASF - ANS,WALERIA,,NÃO,LEVAR PARA ANAPOLIS,ENTREGA TECNICA,CONFIRMADO,CONCLUIDO,
22/04/2026,qua.,QUA.,13:30,VR001053,30.320,ELCIO D DA SILVA LTDA,EURIPEDES,LAVADO,NÃO,WANDERSON,ENTREGA TECNICA,CONFIRMADO,CONCLUIDO,
23/04/2026,qui.,QUI.,09:00,KR905223,30.320,JACINTA MARIA MOURA RODRIGUES & CIA LTDA,EURIPEDES,LAVADO,USADO,MARCIO,ENTREGA TEC. USADO,CONFIRMADO,CONCLUIDO,
23/04/2026,qui.,QUI.,09:00,TR019413,26.260,CONSTRUTORA CENTRO LESTE S.A. ,RUI,LAVADO,SIM,MARCIO,ENTREGA TECNICA,CONFIRMADO,CONCLUIDO,
23/04/2026,qui.,QUI.,13:30,VR002630,26.260,RSK LOCACAO LTDA,CRISTIANO,LAVADO,NÃO,WANDERSON,ENTREGA TECNICA,CONFIRMADO,CONCLUIDO,
23/04/2026,qui.,QUI.,16:00,TR035225,30.320,TAM LOGISTICA E TRANSPORTES LTDA,LUIZ CLAUDIO,LAVADO,SIM,MARCIO,ENTREGA TECNICA,CONFIRMADO,CONCLUIDO,
24/04/2026,sex.,SEX.,DIA TODO,,,CCL IPORÁ,,Ñ LAVAR,,WANDERSON,TREINAMENTO ,CONFIRMADO,NÃO COMPARECEU,
24/04/2026,sex.,SEX.,16:00,TR019309,26.260,CONSTRUTORA CENTRO LESTE S.A.,RUI,,SIM,WANDERSON,ENTREGA TECNICA,CONFIRMADO,CONCLUIDO,
25/04/2026,sáb.,SÁB.,09:00,TR021983,18.210,ALIANCA EXPRESS LOGISTICA LTDA,PAULO,LAVADO,SIM,BRUNO,ENTREGA TECNICA,CONFIRMADO,CONCLUIDO,
25/04/2026,sáb.,SÁB.,09:00,TR008050,26.260,NEVITON VIEIRA DA ROCHA,CRISTIANO,Ñ LAVAR,NÃO,MARCIO,ENTREGA TECNICA,CONFIRMADO,CONCLUIDO,
27/04/2026,seg.,SEG.,13:30,VR007587,26.320,CENTRO OESTE IMPLEMENTOES,GUSTAVO,Ñ LAVAR,NÃO,WANDERSON,ENTREGA TECNICA,CONFIRMADO,CONCLUIDO,
28/04/2026,ter.,TER.,DIA TODO,VR010907,27.320,USINA PANORAMA S/A - ITUMBIARA - LEVAR PARAFUSOS,GUSTAVO,não lavar,NÃO ,WANDERSON,ENTREGA TECNICA,CONFIRMADO,CONCLUIDO,
28/04/2026,ter.,TER.,16:00,TR026809,26.320,RECEITA DE AMAR PRODUCOES,JORGE,LAVADO,NÃO ,MARCIO,ENTREGA TECNICA,CONFIRMADO,CONCLUIDO,
29/04/2026,qua.,QUA.,09:00,TR004306,26.320,CENTRO OESTE VIDROS LTDA ,JORGE,LAVADO,NÃO ,WANDERSON,ENTREGA TECNICA,CONFIRMADO,CONCLUIDO,
29/04/2026,qua.,QUA.,16:00,TR021679,30.320,TAM LOGISTICA  - Ñ ENTREGAR BRINDES P/ O MOTORISTA,LUIZ CLAUDIO,LAVADO,SIM,MARCIO,ENTREGA TECNICA,CONFIRMADO,CONCLUIDO,
29/04/2026,qua.,QUA.,16:00,TR034797,30.320,TAM LOGISTICA  - Ñ ENTREGAR BRINDES P/ O MOTORISTA,LUIZ CLAUDIO,LAVADO,SIM,MARCIO,ENTREGA TECNICA,CONFIRMADO,CONCLUIDO,
30/04/2026,qui.,QUI.,DE MANHÃ,VR002920,11.180,INDUSTRIA E COMERCIO DE BEBIDAS IMPERIAL S.A.,ENEIAS,,NÃO,MARCIO / BRUNO,ENTREGA TECNICA,CONFIRMADO,CONCLUIDO,
30/04/2026,qui.,QUI.,DE MANHÃ,VR002694,11.180,INDUSTRIA E COMERCIO DE BEBIDAS IMPERIAL S.A.,ENEIAS,,NÃO,MARCIO / BRUNO,ENTREGA TECNICA,CONFIRMADO,CONCLUIDO,
30/04/2026,qui.,QUI.,DE MANHÃ,VR003195,11.180,INDUSTRIA E COMERCIO DE BEBIDAS IMPERIAL S.A.,ENEIAS,,NÃO,MARCIO / BRUNO,ENTREGA TECNICA,CONFIRMADO,CONCLUIDO,
30/04/2026,qui.,QUI.,DE MANHÃ,VR003018,11.180,INDUSTRIA E COMERCIO DE BEBIDAS IMPERIAL S.A.,ENEIAS,,NÃO,MARCIO / BRUNO,ENTREGA TECNICA,CONFIRMADO,CONCLUIDO,
30/04/2026,qui.,QUI.,DE MANHÃ,VR003076,11.180,INDUSTRIA E COMERCIO DE BEBIDAS IMPERIAL S.A.,ENEIAS,,NÃO,MARCIO / BRUNO,ENTREGA TECNICA,CONFIRMADO,CONCLUIDO,
30/04/2026,qui.,QUI.,DE MANHÃ,VR003029,11.180,INDUSTRIA E COMERCIO DE BEBIDAS IMPERIAL S.A.,ENEIAS,,NÃO,MARCIO / BRUNO,ENTREGA TECNICA,CONFIRMADO,CONCLUIDO,
30/04/2026,qui.,QUI.,DE MANHÃ,VR003305,11.180,INDUSTRIA E COMERCIO DE BEBIDAS IMPERIAL S.A.,ENEIAS,,NÃO,MARCIO / BRUNO,ENTREGA TECNICA,CONFIRMADO,CONCLUIDO,
30/04/2026,qui.,QUI.,DE MANHÃ,VR002769,11.180,INDUSTRIA E COMERCIO DE BEBIDAS IMPERIAL S.A.,ENEIAS,,NÃO,MARCIO / BRUNO,ENTREGA TECNICA,CONFIRMADO,CONCLUIDO,
30/04/2026,qui.,QUI.,DE MANHÃ,VR003241,11.180,INDUSTRIA E COMERCIO DE BEBIDAS IMPERIAL S.A.,ENEIAS,,NÃO,MARCIO / BRUNO,ENTREGA TECNICA,CONFIRMADO,CONCLUIDO,
30/04/2026,qui.,QUI.,DE MANHÃ,VR003017,11.180,INDUSTRIA E COMERCIO DE BEBIDAS IMPERIAL S.A.,ENEIAS,,NÃO,MARCIO / BRUNO,ENTREGA TECNICA,CONFIRMADO,CONCLUIDO,
30/04/2026,qui.,QUI.,DE MANHÃ,VR003070,11.180,INDUSTRIA E COMERCIO DE BEBIDAS IMPERIAL S.A.,ENEIAS,,NÃO,MARCIO / BRUNO,ENTREGA TECNICA,CONFIRMADO,CONCLUIDO,
30/04/2026,qui.,QUI.,DE MANHÃ,VR003001,11.180,INDUSTRIA E COMERCIO DE BEBIDAS IMPERIAL S.A.,ENEIAS,,NÃO,MARCIO / BRUNO,ENTREGA TECNICA,CONFIRMADO,CONCLUIDO,
30/04/2026,qui.,QUI.,DE MANHÃ,VR002915,11.180,INDUSTRIA E COMERCIO DE BEBIDAS IMPERIAL S.A.,ENEIAS,,NÃO,MARCIO / BRUNO,ENTREGA TECNICA,CONFIRMADO,CONCLUIDO,
30/04/2026,qui.,QUI.,DE MANHÃ,VR002840,11.180,INDUSTRIA E COMERCIO DE BEBIDAS IMPERIAL S.A.,ENEIAS,,NÃO,MARCIO / BRUNO,ENTREGA TECNICA,CONFIRMADO,CONCLUIDO,
30/04/2026,qui.,QUI.,DE MANHÃ,VR003256,11.180,INDUSTRIA E COMERCIO DE BEBIDAS IMPERIAL S.A.,ENEIAS,,NÃO,MARCIO / BRUNO,ENTREGA TECNICA,CONFIRMADO,CONCLUIDO,
30/04/2026,qui.,QUI.,DE MANHÃ,VR003022,11.180,INDUSTRIA E COMERCIO DE BEBIDAS IMPERIAL S.A.,ENEIAS,,NÃO,MARCIO / BRUNO,ENTREGA TECNICA,CONFIRMADO,CONCLUIDO,
30/04/2026,qui.,QUI.,09:00,TR032349,17.210,MUNICIPIO DE VIANOPOLIS,WALERIA,LAVADO,NÃO,WANDERSON,LIBERAR VEICULO,CONFIRMADO,CONCLUIDO,
30/04/2026,qui.,QUI.,13:30,TR023505,25.480,ALIANCA EXPRESS LOGISTICA LTDA,PAULO,LAVADO,SIM,WANDERSON,ENTREGA TECNICA,CONFIRMADO,CONCLUIDO,
30/04/2026,qui.,QUI.,16:00,VR012080,26.320,AUTO POSTO JABUTI RQ LTDA,MARIANA,LAVADO,NÃO,WANDERSON,ENTREGA TECNICA,CONFIRMADO,CONCLUIDO,
04/05/2026,seg.,SEG.,09:00,TR035495,30.320,TAM LOGISTICA E TRANSPORTES LTDA,LUIZ CLAUDIO,LAVADO,SIM,MARCIO,ENTREGA TECNICA,CONFIRMADO,CONCLUIDO,
04/05/2026,seg.,SEG.,09:00,TR035200,30.320,TAM LOGISTICA E TRANSPORTES LTDA,LUIZ CLAUDIO,LAVADO,SIM,MARCIO,ENTREGA TECNICA,CONFIRMADO,CONCLUIDO,
04/05/2026,seg.,SEG.,16:00,TR031688,11.180,LM PRODUCOES EVENTOS E LOCADORA LTDA,MARIANA,LAVADO,NÃO,MARCIO,ENTREGA TECNICA,CONFIRMADO,CONCLUIDO,
05/05/2026,ter.,TER.,DIA TODO,,,AGENDA BLOQUEADA AUDITORIA,,,,,,,CONCLUIDO,
05/05/2026,ter.,TER.,13:30,VR001634,26.320,DIVINO PEREIRA PIRES - ITUMBIARA,LUIZ CLAUDIO,LAVADO,SIM,BRUNO,ENTREGA TECNICA,CONFIRMADO,CONCLUIDO,
05/05/2026,ter.,TER.,16:00,TR023307,25.480,CW3 TRANSPORTES E LOGISTICA LTDA,CRISTIANO,LAVADO,SIM,MARCIO,ENTREGA TECNICA,CONFIRMADO,CONCLUIDO,
05/05/2026,ter.,TER.,16:00,TR034921,30.320,AUTO POSTO AEROVIARIO LTDA,CRISTIANO,,SIM,MARCIO,ENTREGA TECNICA,CONFIRMADO,CONCLUIDO,
05/05/2026,ter.,TER.,16:00,TR034971,30.320,TAM LOGISTICA E TRANSPORTES LTDA,LUIZ CLAUDIO,,SIM,MARCIO,ENTREGA TECNICA,CONFIRMADO,CONCLUIDO,
06/05/2026,qua.,QUA.,DE MANHÃ,,,MAAS SERVIÇOS,CRISTIANO,não lavar,,BRUNO/MARCIO,ENTREGA TECNICA,CONFIRMADO,CONCLUIDO,
06/05/2026,qua.,QUA.,A TARDE,,,REGRA LOGISTICA ,CRISTIANO,não lavar,NÃO,BRUNO/MARCIO,REVISAO E ENTREGA,CONFIRMADO,CONCLUIDO,
06/05/2026,qua.,QUA.,DIA TODO,VR008639,26.260,MAAS SERVICOS LTDA,CRISTIANO,não lavar,NÃO,BRUNO/MARCIO,REVISAO E ENTREGA,CONFIRMADO,CONCLUIDO,
06/05/2026,qua.,QUA.,DIA TODO,VR008761,26.260,MAAS SERVICOS LTDA,CRISTIANO,não lavar,NÃO,BRUNO/MARCIO,REVISAO E ENTREGA,CONFIRMADO,CONCLUIDO,
06/05/2026,qua.,QUA.,DIA TODO,VR008851,26.260,MAAS SERVICOS LTDA,CRISTIANO,não lavar,NÃO,BRUNO/MARCIO,REVISAO E ENTREGA,CONFIRMADO,CONCLUIDO,
06/05/2026,qua.,QUA.,DIA TODO,VR008756,26.260,MAAS SERVICOS LTDA,CRISTIANO,não lavar,NÃO,BRUNO/MARCIO,REVISAO E ENTREGA,CONFIRMADO,CONCLUIDO,
06/05/2026,qua.,QUA.,DIA TODO,VR008859,26.260,MAAS SERVICOS LTDA,CRISTIANO,não lavar,NÃO,BRUNO/MARCIO,REVISAO E ENTREGA,CONFIRMADO,CONCLUIDO,
06/05/2026,qua.,QUA.,DIA TODO,VR009028,26.260,MAAS SERVICOS LTDA,CRISTIANO,não lavar,NÃO,BRUNO/MARCIO,REVISAO E ENTREGA,CONFIRMADO,CONCLUIDO,
06/05/2026,qua.,QUA.,DIA TODO,VR009034,26.260,MAAS SERVICOS LTDA,CRISTIANO,não lavar,NÃO,BRUNO/MARCIO,REVISAO E ENTREGA,CONFIRMADO,CONCLUIDO,
06/05/2026,qua.,QUA.,DIA TODO,VR009169,26.260,MAAS SERVICOS LTDA,CRISTIANO,não lavar,NÃO,BRUNO/MARCIO,REVISAO E ENTREGA,CONFIRMADO,CONCLUIDO,
06/05/2026,qua.,QUA.,DIA TODO,VR009174,26.260,MAAS SERVICOS LTDA,CRISTIANO,não lavar,NÃO,BRUNO/MARCIO,REVISAO E ENTREGA,CONFIRMADO,CONCLUIDO,
06/05/2026,qua.,QUA.,DIA TODO,VR009212,26.260,MAAS SERVICOS LTDA,CRISTIANO,não lavar,NÃO,BRUNO/MARCIO,REVISAO E ENTREGA,CONFIRMADO,CONCLUIDO,
06/05/2026,qua.,QUA.,DIA TODO,VR007857,9.180,MAAS SERVICOS LTDA,CRISTIANO,não lavar,NÃO,BRUNO/MARCIO,REVISAO E ENTREGA,CONFIRMADO,CONCLUIDO,
06/05/2026,qua.,QUA.,DIA TODO,VR007871,9.180,MAAS SERVICOS LTDA,CRISTIANO,não lavar,NÃO,BRUNO/MARCIO,REVISAO E ENTREGA,CONFIRMADO,CONCLUIDO,
06/05/2026,qua.,QUA.,DIA TODO,VR007880,9.180,MAAS SERVICOS LTDA,CRISTIANO,não lavar,NÃO,BRUNO/MARCIO,REVISAO E ENTREGA,CONFIRMADO,CONCLUIDO,
06/05/2026,qua.,QUA.,DIA TODO,VR001173,17.210,MAAS SERVICOS LTDA,CRISTIANO,não lavar,NÃO,BRUNO/MARCIO,REVISAO E ENTREGA,CONFIRMADO,CONCLUIDO,
06/05/2026,qua.,QUA.,DIA TODO,VR001812,26.260,MAAS SERVICOS LTDA,CRISTIANO,não lavar,NÃO,BRUNO/MARCIO,REVISAO E ENTREGA,CONFIRMADO,CONCLUIDO,
06/05/2026,qua.,QUA.,DIA TODO,VR001966,17.210,MAAS SERVICOS LTDA,CRISTIANO,não lavar,NÃO,BRUNO/MARCIO,REVISAO E ENTREGA,CONFIRMADO,CONCLUIDO,
06/05/2026,qua.,QUA.,DIA TODO,VR001668,17.210,MAAS SERVICOS LTDA,CRISTIANO,não lavar,NÃO,BRUNO/MARCIO,REVISAO E ENTREGA,CONFIRMADO,CONCLUIDO,
06/05/2026,qua.,QUA.,DIA TODO,VR001875,17.210,MAAS SERVICOS LTDA,CRISTIANO,não lavar,NÃO,BRUNO/MARCIO,REVISAO E ENTREGA,CONFIRMADO,CONCLUIDO,
06/05/2026,qua.,QUA.,DIA TODO,VR001988,17.210,MAAS SERVICOS LTDA,CRISTIANO,não lavar,NÃO,BRUNO/MARCIO,REVISAO E ENTREGA,CONFIRMADO,CONCLUIDO,
06/05/2026,qua.,QUA.,DIA TODO,VR002158,17.210,MAAS SERVICOS LTDA,CRISTIANO,não lavar,NÃO,BRUNO/MARCIO,REVISAO E ENTREGA,CONFIRMADO,CONCLUIDO,
06/05/2026,qua.,QUA.,DIA TODO,VR001653,17.210,MAAS SERVICOS LTDA,CRISTIANO,não lavar,NÃO,BRUNO/MARCIO,REVISAO E ENTREGA,CONFIRMADO,CONCLUIDO,
06/05/2026,qua.,QUA.,DIA TODO,VR001493,17.210,MAAS SERVICOS LTDA,CRISTIANO,não lavar,NÃO,BRUNO/MARCIO,REVISAO E ENTREGA,CONFIRMADO,CONCLUIDO,
06/05/2026,qua.,QUA.,DIA TODO,VR001538,17.210,MAAS SERVICOS LTDA,CRISTIANO,não lavar,NÃO,BRUNO/MARCIO,REVISAO E ENTREGA,CONFIRMADO,CONCLUIDO,
06/05/2026,qua.,QUA.,DIA TODO,VR000726,17.210,MAAS SERVICOS LTDA,CRISTIANO,não lavar,NÃO,BRUNO/MARCIO,REVISAO E ENTREGA,CONFIRMADO,CONCLUIDO,
06/05/2026,qua.,QUA.,DIA TODO,VR000586,17.210,MAAS SERVICOS LTDA,CRISTIANO,não lavar,NÃO,BRUNO/MARCIO,REVISAO E ENTREGA,CONFIRMADO,CONCLUIDO,
06/05/2026,qua.,QUA.,DIA TODO,VR001385,26.260,MAAS SERVICOS LTDA,CRISTIANO,não lavar,NÃO,BRUNO/MARCIO,REVISAO E ENTREGA,CONFIRMADO,CONCLUIDO,
06/05/2026,qua.,QUA.,DIA TODO,VR000619,17.210,MAAS SERVICOS LTDA,CRISTIANO,não lavar,NÃO,BRUNO/MARCIO,REVISAO E ENTREGA,CONFIRMADO,CONCLUIDO,
06/05/2026,qua.,QUA.,DIA TODO,VR001363,26.260,MAAS SERVICOS LTDA,CRISTIANO,não lavar,NÃO,BRUNO/MARCIO,REVISAO E ENTREGA,CONFIRMADO,CONCLUIDO,
06/05/2026,qua.,QUA.,DIA TODO,VR001503,26.260,MAAS SERVICOS LTDA,CRISTIANO,não lavar,NÃO,BRUNO/MARCIO,REVISAO E ENTREGA,CONFIRMADO,CONCLUIDO,
06/05/2026,qua.,QUA.,DIA TODO,VR008690,26.260,MAAS SERVICOS LTDA,CRISTIANO,não lavar,NÃO,BRUNO/MARCIO,REVISAO E ENTREGA,CONFIRMADO,CONCLUIDO,
06/05/2026,qua.,QUA.,DIA TODO,VR008826,26.260,MAAS SERVICOS LTDA,CRISTIANO,não lavar,NÃO,BRUNO/MARCIO,REVISAO E ENTREGA,CONFIRMADO,CONCLUIDO,
07/05/2026,qui.,QUI.,09:00,TR031904,26.320,CERAMICA RIOS LTDA,DOUGLAS,LAVADO,NÃO,MARCIO,ENTREGA TECNICA,CONFIRMADO,CONCLUIDO,
07/05/2026,qui.,QUI.,10:00,TR023612,25.480,EDILSON EMERICH PAZINI LTDA,RUI,LAVADO,SIM,BRUNO,ENTREGA TECNICA,CONFIRMADO,CONCLUIDO,
07/05/2026,qui.,QUI.,13:30,VR006740,17.210,CEL ENGENHARIA LTDA,RUI,LAVADO,NÃO,MARCIO,ENTREGA TECNICA,CONFIRMADO,CONCLUIDO,
07/05/2026,qui.,QUI.,16:00,TR031853,11.180,GELO MINERAL INDUSTRIA E COMERCIO LTDA,CARLOS,LAVADO,SIM,MARCIO,ENTREGA TECNICA,CONFIRMADO,CONCLUIDO,
08/05/2026,sex.,SEX.,09:00,TR025467,31.320,STADIUM CONSTRUTORA LTDA,DOUGLAS,LAVADO,SIM,BRUNO,ENTREGA TECNICA,CONFIRMADO,CONCLUIDO,
08/05/2026,sex.,SEX.,09:00,TR018289,31.320,STADIUM CONSTRUTORA LTDA 1027030,DOUGLAS,LAVADO,SIM,BRUNO,ENTREGA TECNICA,CONFIRMADO,CONCLUIDO,
08/05/2026,sex.,SEX.,13:30,VR007079,EXPRESS,BAKEN CONSTRUTORA LTDA,PAULO,LAVADO,SIM,BRUNO,ENTREGA TECNICA,CONFIRMADO,CONCLUIDO,
08/05/2026,sex.,SEX.,13:30,VR002775,11.180,BAKEN CONSTRUTORA LTDA,PAULO,LAVADO,SIM,BRUNO,ENTREGA TECNICA,CONFIRMADO,CONCLUIDO,
11/05/2026,seg.,SEG.,10:00,VR007474,26.320,PREFEITURA DE CRICHAS,WALERIA,LAVADO,SIM,MARCIO,ENTREGA TECNICA,CONFIRMADO,CONCLUIDO,
11/05/2026,seg.,SEG.,10:00,VR007181,26.320,PREFEITURA DE CRICHAS,WALERIA,LAVADO,SIM,MARCIO,ENTREGA TECNICA,CONFIRMADO,CONCLUIDO,
11/05/2026,seg.,SEG.,13:30,TR021271,9.180,PWM EMPORIO DAS FRUTAS LTDA,DOUGLAS,LAVADO,SIM,MARCIO,ENTREGA TECNICA,CONFIRMADO,CONCLUIDO,
11/05/2026,seg.,SEG.,16:00,TR022036,26.320,NWF TRANSPORTES E LOGISTICA LTDA,CARLOS,,SIM,MARCIO,ENTREGA TECNICA,CONFIRMADO,CONCLUIDO,
12/05/2026,ter.,TER.,DIA TODO,VR009226,14.210,CODEVASF - ANS - LEVAR PEÇA CARROCERIA,WALERIA,,NÃO,,ENTREGA TECNICA,CONFIRMADO,CONCLUIDO,
12/05/2026,ter.,TER.,DIA TODO,VR010093,14.210,CODEVASF - ANS - LEVAR PEÇA CARROCERIA,WALERIA,,NÃO,,ENTREGA TECNICA,CONFIRMADO,CONCLUIDO,
12/05/2026,ter.,TER.,DIA TODO,VR009201,14.210,CODEVASF - ANS - LEVAR PEÇA CARROCERIA,WALERIA,,NÃO,,ENTREGA TECNICA,CONFIRMADO,CONCLUIDO,
12/05/2026,ter.,TER.,DIA TODO,VR010299,14.210,CODEVASF - ANS - LEVAR PEÇA CARROCERIA,WALERIA,LAVADO,NÃO,,ENTREGA TECNICA,CONFIRMADO,CONCLUIDO,
13/05/2026,qua.,QUA.,09:00,TR031814,11.180,JOSE CARLOS RAMPELOTTI,LUIZ CLAUDIO,LAVADO,SIM,MARCIO,ENTREGA TECNICA,CONFIRMADO,CONCLUIDO,
13/05/2026,qua.,QUA.,13:30,VR000828,11.180,S F T TRANSPORTES LTDA,CRISTIANO,LAVADO,NÃO,BRUNO,ENTREGA TECNICA,CONFIRMADO,CONCLUIDO,
15/05/2026,sex.,SEX.,DE MANHÃ,,,MAAS SERVIÇOS,,,,MARCIO,,,CONCLUIDO,
15/05/2026,sex.,SEX.,09:00,TR023758,9.180,AURUM TRANSPORTES E LOGISTICA LTDA,EURIPEDES,LAVADO,NÃO,BRUNO,ENTREGA TECNICA,CONFIRMADO,CONCLUIDO,
19/05/2026,ter.,TER.,08:00,TR031929,11.180,K-2 TRANSPORTES LTDA,JORGE,LAVADO,SIM,MARCIO,ENTREGA TECNICA,CONFIRMADO,CONCLUIDO,
19/05/2026,ter.,TER.,16:00,TR027542,9.180,PWM EMPORIO DAS FRUTAS LTDA,DOUGLAS,LAVADO,SIM,WANDERSON,ENTREGA TECNICA,CONFIRMADO,CONCLUIDO,
20/05/2026,qua.,QUA.,DIA TODO,,17.210,FOKUS LOCADORA DE VEICULOS LTDA,CRISTIANO,Ñ LAVAR,NÃO,WANDERSON,TREINAMENTO TÉCNICO,CONFIRMADO,CONCLUIDO,
20/05/2026,qua.,QUA.,DIA TODO,TR202035,28.480,CORRIDA SUPER FRANGO - EXPOSIÇÃO,EXPOSIÇÃO,LAVADO,NÃO,BRUNO,LEVAR P/ SUPER FRANGO,ITABERAI,CONCLUIDO,
20/05/2026,qua.,QUA.,DIA TODO,VR000686,9.180,CORRIDA SUPER FRANGO - EXPOSIÇÃO,EXPOSIÇÃO,LAVADO,NÃO,MATEUS,LEVAR P/ SUPER FRANGO,ITABERAI,CONCLUIDO,
20/05/2026,qua.,QUA.,09:00,TR023583,18.210,PROATIVA ALIMENTOS LTDA,JORGE,LAVADO,SIM,MARCIO,ENTREGA TECNICA,CONFIRMADO,CONCLUIDO,
20/05/2026,qua.,QUA.,13:30,VR003601,27.320,AGROPECUARIA FAZENDA VEREDAS LTDA,PAULO,LAVADO,SIM,MARCIO,ENTREGA TECNICA,CONFIRMADO,NÃO COMPARECEU,
20/05/2026,qua.,QUA.,16:00,TR023747,25.480,VJ TRANSPORTES E LOGISTICA LTDA,DOUGLAS,LAVADO,SIM,MARCIO,ENTREGA TECNICA,CONFIRMADO,CONCLUIDO,
21/05/2026,qui.,QUI.,09:00,TR026494,26.260,STADIUM CONSTRUTORA LTDA,DOUGLAS,LAVADO,SIM,MARCIO,ENTREGA TECNICA,CONFIRMADO,CONCLUIDO,
21/05/2026,qui.,QUI.,09:00,TR007857,26.260,STADIUM CONSTRUTORA LTDA,DOUGLAS,LAVADO,SIM,MARCIO,ENTREGA TECNICA,CONFIRMADO,CONCLUIDO,
21/05/2026,qui.,QUI.,13:30,TR020353,30.320,GOIATINS LOGISTICA LTDA,JORGE,LAVADO,NÃO,WANDERSON,ENTREGA TECNICA,CONFIRMADO,CONCLUIDO,
21/05/2026,qui.,QUI.,16:00,VR006368,11.180,CREAMY INDUSTRIA E COMERCIO DE SORVETES,JORGE,LAVADO,NÃO,MARCIO,ENTREGA TECNICA,CONFIRMADO,CONCLUIDO,
22/05/2026,sex.,SEX.,DIA TODO,,17.210,AGENDA TRAVADA - BUSCAR FOKUS,,,NÃO,TODOS,BUSCAR CAMINHOES,CONFIRMADO,CONCLUIDO,
22/05/2026,sex.,SEX.,DIA TODO,,,AGENDA TRAVADA - BUSCAR SUPER FRANGO,,,NÃO,TODOS,BUSCAR CAMINHOES,CONFIRMADO,CONCLUIDO,
25/05/2026,seg.,SEG.,DIA TODO,,,FOLGA ANIVERSÁRIO BRUNO ,,,NÃO,BRUNO,FOLGA ANIVERSÁRIO ,CONFIRMADO,CONCLUIDO,
25/05/2026,seg.,SEG.,DIA TODO,,,MÁRCIO TREINAMENTO -RJ,,,NÃO,MÁRCIO,TREINAMENTO RJ,CONFIRMADO,CONCLUIDO,
25/05/2026,seg.,SEG.,09:00,TR025449,30.320,MADEIREIRA & MOVEIS CACOAL LTDA ,DOUGLAS,LAVADO,NÃO,WANDERSON,ENTREGA TECNICA,CONFIRMADO,CONCLUIDO,
25/05/2026,seg.,SEG.,13:30,VR003601,27.320,AGROPECUARIA FAZENDA VEREDAS LTDA,PAULO,LAVADO,SIM,WANDERSON,ENTREGA TECNICA,CONFIRMADO,NÃO COMPARECEU,
26/05/2026,ter.,TER.,DIA TODO,,,MÁRCIO TREINAMENTO -RJ,,,,MÁRCIO,TREINAMENTO,CONFIRMADO,CONCLUIDO,
27/05/2026,qua.,QUA.,DIA TODO,,,MÁRCIO TREINAMENTO -RJ,,,,MÁRCIO,,,CONCLUIDO,
27/05/2026,qua.,QUA.,09:00,TR010911,18.210,IRMAOS GARCIA HORTIFRUTIGRANJEIROS LTDA,RUI,LAVADO,SIM,WANDERSON,ENTREGA TECNICA,CONFIRMADO,CONCLUIDO,
27/05/2026,qua.,QUA.,13:30,VR000615,18.260,BUENOS LEITE COMERCIO E TRANSPORTE LTDA,CARLOS,LAVADO,SIM,WANDERSON,ENTREGA TECNICA,CONFIRMADO,CONCLUIDO,
27/05/2026,qua.,QUA.,16:00,VR010944,11.180,PRS CARTONAGEM LTDA,KRISLEY,LAVADO,NÃO,WANDERSON,ENTREGA TECNICA,CONFIRMADO,CONCLUIDO,
28/05/2026,qui.,QUI.,DIA TODO,,,MÁRCIO TREINAMENTO -RJ,,,,MÁRCIO,,,CONCLUIDO,
28/05/2026,qui.,QUI.,09:00,VR006921,11.180,MUNIC. COLINAS DO SUL - COLOCAR COMBUSTIVEL P/ 430 km,WALERIA,LAVADO,NÃO,WANDERSON,ENTREGA TECNICA,CONFIRMADO,CONCLUIDO,
28/05/2026,qui.,QUI.,13:30,TR021742,30.320,CRISTAL ALIMENTOS LTDA,GUSTAVO,LAVADO,NÃO,WANDERSON,ENTREGA TECNICA,CONFIRMADO,CONCLUIDO,
28/05/2026,qui.,QUI.,16:00,TR202150,28.480,FERREIRA E FREIRE LTDA ,DOUGLAS,LAVADO,SIM,WANDERSON,ENTREGA TECNICA,CONFIRMADO,CONCLUIDO,
29/05/2026,sex.,SEX.,DIA TODO,,,MÁRCIO TREINAMENTO -RJ,,,,MÁRCIO,,,,
29/05/2026,sex.,SEX.,09:00,TR031028,26.260,STADIUM CONSTRUTORA LTDA,DOUGLAS,LAVADO,SIM,WANDERSON,ENTREGA TECNICA,CONFIRMADO,CONCLUIDO,
29/05/2026,sex.,SEX.,14:00,,,ENTREGA MANUAIS FOKUS,CRISTIANO,,,WANDERSON,ENTREGA TECNICA,CONFIRMADO,CONCLUIDO,
29/05/2026,sex.,SEX.,16:00,VR007364,26.260,ZEMA INDUSTRIAL LTDA,DOUGLAS,LAVADO,SIM,WANDERSON,ENTREGA TECNICA,CONFIRMADO,CONCLUIDO,
01/06/2026,seg.,SEG.,13:30,TR019144,31.320,JBJ AGROPECUARIA LTDA,JORGE,LAVADO,SIM,MARCIO,ENTREGA TECNICA,CONFIRMADO,CONCLUIDO,
02/06/2026,ter.,TER.,DIA TODO,VR011861,14210,CODEVASF,WALERIA,,,TODOS,ENTREGA TECNICA,CONFIRMADO,CONCLUIDO,
02/06/2026,ter.,TER.,DIA TODO,VR009386,14210,CODEVASF,WALERIA,,,TODOS,ENTREGA TECNICA,CONFIRMADO,CONCLUIDO,
02/06/2026,ter.,TER.,DIA TODO,VR009515,14210,CODEVASF,WALERIA,,,TODOS,ENTREGA TECNICA,CONFIRMADO,CONCLUIDO,
03/06/2026,qua.,QUA.,14:00,VR003601,27.320,AGROPECUARIA FAZENDA VEREDAS LTDA,PAULO,LAVADO,SIM,WANDERSON,ENTREGA TECNICA,CONFIRMADO,CONCLUIDO,
04/06/2026,qui.,QUI.,DIA TODO,,,FERIADO,,,,TODOS,FERIADO,CONFIRMADO,CONCLUIDO,
05/06/2026,sex.,SEX.,16:00,VR014161,EXPRESS,BUENO EVENTOS LOCACOES E SERVICOS LTDA,CRISTIANO,LAVADO,NÃO,WANDERSON,ENTREGA TECNICA,CONFIRMADO,CONCLUIDO,
06/06/2026,sáb.,SÁB.,10:00,VR000363,9.180,MATTOS EMPREENDIMENTOS LTDA,JORGE,LAVADO,NÃO,BRUNO,ENTREGA TECNICA,CONFIRMADO,CONCLUIDO,
08/06/2026,seg.,SEG.,DIA TODO,,,BUSCAR DOIS CAMINHOES DA GOLDMAN,,,,WANDERSON / MATEUS,BUSCAR CAMINHOES,,,
08/06/2026,seg.,SEG.,DIA TODO,TR200268,28480,MMJV GRAOS LTDA - ITUMBIARA - 14:00,MARIANA,LAVADO,SIM,WANDERSON,ENTREGA TECNICA,CONFIRMADO,CONCLUIDO,
08/06/2026,seg.,SEG.,09:00,TR005515,9180,AJEL MATERIAIS ELETRICOS LTDA,JORGE,LAVADO,SIM,MARCIO,ENTREGA TECNICA,CONFIRMADO,CONCLUIDO,
08/06/2026,seg.,SEG.,16:00,VR203351,29530,JULIANA DE CASSIA S. BARCELOS,KRISLEY,LAVADO,NÃO,MARCIO,ENTREGA TECNICA,CONFIRMADO,CONCLUIDO,
09/06/2026,ter.,TER.,DIA TODO,VR013116,17210,CODEVASF,WALERIA,,,TODOS,ENTREGA TECNICA,CONFIRMADO,CONCLUIDO,
09/06/2026,ter.,TER.,DIA TODO,VR011840,17210,CODEVASF,WALERIA,,,TODOS,ENTREGA TECNICA,CONFIRMADO,CONCLUIDO,
09/06/2026,ter.,TER.,DIA TODO,VR011974,17210,CODEVASF,WALERIA,,,TODOS,ENTREGA TECNICA,CONFIRMADO,CONCLUIDO,
09/06/2026,ter.,TER.,DIA TODO,VR012019,17210,CODEVASF,WALERIA,,,TODOS,ENTREGA TECNICA,CONFIRMADO,CONCLUIDO,
09/06/2026,ter.,TER.,DIA TODO,VR012624,17210,CODEVASF,WALERIA,,,TODOS,ENTREGA TECNICA,CONFIRMADO,CONCLUIDO,
10/06/2026,qua.,QUA.,DE MANHÃ,,,BUSCAR ANÁPOLIS,,,,WANDERSON / JOÃO,,CONFIRMADO,CONCLUIDO,
10/06/2026,qua.,QUA.,DIA TODO,,,MAAS SERVIÇOS,CRISTIANO ,,,BRUNO,REVISAO E ENTREGA,CONFIRMADO,CONCLUIDO,
10/06/2026,qua.,QUA.,13:30,,,CIPA - MARCIO,,,,MARCIO,REUNIAO CIPA,CONFIRMADO,CONCLUIDO,
10/06/2026,qua.,QUA.,16:00,TR032221,9180,AVS TRANSPORTES CARGAS ENCOMENDAS E VENDAS DE PASSAGENS LTDA,JOSUE,LAVADO,SIM,MARCIO,ENTREGA TECNICA,CONFIRMADO,CONCLUIDO,
11/06/2026,qui.,QUI.,DIA TODO,,,WANDERSON MEDICO,,,,WANDERSON,MEDICO,CONFIRMADO,CONCLUIDO,
11/06/2026,qui.,QUI.,DIA TODO,,,BUSCAR CAMINHÃO - ITUMBIARA,,,,BRUNO,MOVIMENTAÇÃO,CONFIRMADO,CONCLUIDO,
11/06/2026,qui.,QUI.,16:00,TR202035,28480,TRANSPORTADORA CENTRO OESTE EXPRESS LTDA,GUILHERME,LAVADO,SIM,MARCIO,ENTREGA TECNICA,CONFIRMADO,CONCLUIDO,
12/06/2026,sex.,SEX.,DIA TODO,SR200772,29.530,BUSCAR EM ITUMBIARA,,,,BRUNO,MOVIMENTAÇÃO,CONFIRMADO,CONCLUIDO,
12/06/2026,sex.,SEX.,10:00,VR007826,26260,ZEMA INDUSTRIAL LTDA,DOUGLAS,LAVADO,SIM,WANDERSON,ENTREGA TECNICA,CONFIRMADO,CONCLUIDO,
12/06/2026,sex.,SEX.,13:30,TR016932,31320,MAURICIO PEREIRA DE SOUZA,GUSTAVO,LAVADO,NÃO,WANDERSON,ENTREGA TECNICA,CONFIRMADO,CONCLUIDO,
12/06/2026,sex.,SEX.,A TARDE,,,TREINAMENTO - STADIUM ,,,,WANDERSON,TREINAMENTO TÉCNICO,CONFIRMADO,CONCLUIDO,
13/06/2026,sáb.,SÁB.,DIA TODO,,,TREINAMENTO - STADIUM ,,,,WANDERSON,TREINAMENTO TÉCNICO,CONFIRMADO,CONCLUIDO,
15/06/2026,seg.,SEG.,09:00,TR023736,30320,PLASTIKA INDUSTRIA E COMERCIO DE EMBALAGENS LTDA,DOUGLAS,LAVADO,SIM,WANDERSON,ENTREGA TECNICA,CONFIRMADO,CONCLUIDO,
15/06/2026,seg.,SEG.,13:30,VR004257,25480,TECPAV ENGENHARIA LTDA,RUI,LAVADO,NÃO,MARCIO,ENTREGA TECNICA,CONFIRMADO,CONCLUIDO,
15/06/2026,seg.,SEG.,13:30,TR030451,25480,TECPAV ENGENHARIA LTDA,RUI,LAVADO,NÃO,MARCIO,ENTREGA TECNICA,CONFIRMADO,CONCLUIDO,
15/06/2026,seg.,SEG.,16:00,VR005856,30320,CRISTAL ALIMENTOS LTDA,GUSTAVO,LAVADO,NÃO,MARCIO,ENTREGA TECNICA,CONFIRMADO,CONCLUIDO,
15/06/2026,seg.,SEG.,16:00,VR012203,30320,CRISTAL ALIMENTOS LTDA,GUSTAVO,LAVADO,NÃO,MARCIO,ENTREGA TECNICA,CONFIRMADO,CONCLUIDO,
15/06/2026,seg.,SEG.,16:00,VR003293,30320,CRISTAL ALIMENTOS LTDA,GUSTAVO,LAVADO,NÃO,MARCIO,ENTREGA TECNICA,CONFIRMADO,CONCLUIDO,
16/06/2026,ter.,TER.,08 às 10,,,REUNIÃO COM TODOS ,,,,TODOS,REUNIÃO ,CONFIRMADO,CONCLUIDO,
16/06/2026,ter.,TER.,14:00,TR201468,28480,MAPRA TRANSPORTES LTDA - ITUMBIARA,MARIANA,LAVADO,NÃO,WANDERSON,ENTREGA TECNICA,CONFIRMADO,CONCLUIDO,
16/06/2026,ter.,TER.,16:00,TR202044,28480,TRANSPORTADORA CENTRO OESTE EXPRESS LTDA,GUILHERME,LAVADO,SIM,MARCIO,ENTREGA TECNICA,CONFIRMADO,CONCLUIDO,
17/06/2026,qua.,QUA.,14:00,VR010487,14.210,MP TRANSPORTE E LOGISTICA LTDA,PAULO,LAVADO,NÃO,MARCIO,ENTREGA TECNICA,CONFIRMADO,CONCLUIDO,
17/06/2026,qua.,QUA.,14:00,VR004609,14.210,MP TRANSPORTE E LOGISTICA LTDA,PAULO,LAVADO,NÃO,MARCIO,ENTREGA TECNICA,CONFIRMADO,CONCLUIDO,
19/06/2026,sex.,SEX.,09:00,VR014428,30.320,LUZTOL INDUSTRIA QUIMICA LTDA,LUIS CARLOS,LAVADO,NÃO ,WANDERSON,ENTREGA TECNICA,CONFIRMADO,NÃO COMPARECEU,
19/06/2026,sex.,SEX.,09:00,VR013721,18.210,LUZTOL INDUSTRIA QUIMICA LTDA,LUIS CARLOS,LAVADO,NÃO ,WANDERSON,ENTREGA TECNICA,CONFIRMADO,NÃO COMPARECEU,
19/06/2026,sex.,SEX.,13:30,VR009905,25.480,TOM EVENTOS LOCACOES E PRODUCOES LTDA,JORGE,LAVADO,SIM,MARCIO,ENTREGA TECNICA,CONFIRMADO,CONCLUIDO,
19/06/2026,sex.,SEX.,16:00,VR014743,27.320,JOSE CARLOS RAMPELOTTI,LUIZ CLAUDIO,LAVADO,SIM,MARCIO,ENTREGA TECNICA,CONFIRMADO,CONCLUIDO,
22/06/2026,seg.,SEG.,09:00,VR014883,26260,PREFEITURA DE QUIRINOPOLIS,WALERIA,LAVADO,NÃO,MARCIO,ENTREGA TECNICA,CONFIRMADO,NÃO COMPARECEU,
22/06/2026,seg.,SEG.,09:00,VR014747,26260,PREFEITURA DE QUIRINOPOLIS,WALERIA,LAVADO,NÃO,MARCIO,ENTREGA TECNICA,CONFIRMADO,NÃO COMPARECEU,
22/06/2026,seg.,SEG.,13:30,VR014428,30.320,LUZTOL INDUSTRIA QUIMICA LTDA,LUIS CARLOS,LAVADO,NÃO ,MARCIO,ENTREGA TECNICA,CONFIRMADO,CONCLUIDO,
22/06/2026,seg.,SEG.,13:30,VR013721,18.210,LUZTOL INDUSTRIA QUIMICA LTDA,LUIS CARLOS,LAVADO,NÃO ,MARCIO,ENTREGA TECNICA,CONFIRMADO,CONCLUIDO,
22/06/2026,seg.,SEG.,16:00,VR010942,11180,J DIVINO DE SOUZA LTDA,LUIZ CLAUDIO,LAVADO,SIM,MARCIO,ENTREGA TECNICA,CONFIRMADO,CONCLUIDO,
23/06/2026,ter.,TER.,09:00,VR005665,31320,REFRESCOS BANDEIRANTES IND. E COM. LTDA,CRISTIANO,LAVADO,NÃO ,WANDERSON,ENTREGA TECNICA,CONFIRMADO,NÃO COMPARECEU,
23/06/2026,ter.,TER.,13:30,VR008371,30320,TAM LOGISTICA E TRANSPORTES LTDA,LUIZ CLAUDIO,LAVADO,SIM,WANDERSON,ENTREGA TECNICA,CONFIRMADO,CONCLUIDO,
24/06/2026,qua.,QUA.,09:00,VR007570,26260,GAASA E ALIMENTOS LTDA,JORGE,LAVADO,NÃO ,MARCIO,ENTREGA TECNICA,CONFIRMADO,CONCLUIDO,
24/06/2026,qua.,QUA.,A TARDE,,,MARCIO - BLOQUEADO,,,,MARCIO,,,CONCLUIDO,
25/06/2026,qui.,QUI.,10:00,VR014883,26260,PREFEITURA DE QUIRINOPOLIS,WALERIA,LAVADO,NÃO,WANDERSON,ENTREGA TECNICA,CONFIRMADO,CONCLUIDO,
25/06/2026,qui.,QUI.,10:00,VR014747,26260,PREFEITURA DE QUIRINOPOLIS,WALERIA,LAVADO,NÃO,WANDERSON,ENTREGA TECNICA,CONFIRMADO,CONCLUIDO,
27/06/2026,sáb.,SÁB.,09:00,VR005512,25480,TOM EVENTOS LOCACOES E PRODUCOES LTDA,JORGE,LAVADO,SIM,WANDERSON,ENTREGA TECNICA,CONFIRMADO,CONCLUIDO,
29/06/2026,seg.,SEG.,09:00,TR202218,28480,JOAO BOSCO DOS SANTOS FILHO,DOUGLAS,LAVADO,SIM,MARCIO,ENTREGA TECNICA,CONFIRMADO,CONCLUIDO,
29/06/2026,seg.,SEG.,10:00,VR010697,EXPRESS,E M TRANSFORMADORES E MOTORES ELETRICOS LTDA,LAILA,LAVADO,NÃO ,WANDERSON,ENTREGA TECNICA,CONFIRMADO,NÃO COMPARECEU,
29/06/2026,seg.,SEG.,A TARDE,VR203620,29530,ALEXANDRE ZAMPERLIM,GUSTAVO,,SIM,WANDERSON,ENTREGA TECNICA,CONFIRMADO,CONCLUIDO,FALTOU INSTALAR SAIA LATERAL
30/06/2026,ter.,TER.,09:00,VR001808,30320,COOPERATIVA AGROPEC MISTA DE PIRACANJUBA - COAPIL,LUIZ CLAUDIO,LAVADO,NÃO,MARCIO,ENTREGA TECNICA,CONFIRMADO,,
30/06/2026,ter.,TER.,16:00,VR011444,17230,VIAGOV LTDA,DANIELITON,LAVADO,NÃO,WANDERSON,ENTREGA TECNICA,CONFIRMADO,,
01/07/2026,qua.,QUA.,13:30,TR019173,9180,NWF TRANSPORTES E LOGISTICA LTDA,CARLOS,LAVADO,SIM,MARCIO,ENTREGA TECNICA,CONFIRMADO,,CHINIL PAINEL ESTOQUE ZERADO
01/07/2026,qua.,QUA.,13:30,VR010697,EXPRESS,E M TRANSFORMADORES E MOTORES ELETRICOS LTDA,LAILA,LAVADO,NÃO ,WANDERSON,ENTREGA TECNICA,CONFIRMADO,,
02/07/2026,qui.,QUI.,DE MANHÃ,VR009698,17210,CODEVASF,WALERIA,LAVADO,NÃO,WANDERSON,ENTREGA TECNICA,CONFIRMADO,,
02/07/2026,qui.,QUI.,DE MANHÃ,VR009344,17210,CODEVASF,WALERIA,,NÃO,FERNANDO,ENTREGA TECNICA,CONFIRMADO,,
02/07/2026,qui.,QUI.,DE MANHÃ,VR013126,17210,CODEVASF,WALERIA,,NÃO,MATEUS,ENTREGA TECNICA,CONFIRMADO,,
03/07/2026,sex.,SEX.,,VR019426,20480,ECOPLAST INDUSTRIA E COMERCIO DE PVC LTDA - ITUMBIARA,MARIANA,,NÃO,MARCIO,ENTREGA TECNICA,CONFIRMADO,,
03/07/2026,sex.,SEX.,09:00,VR203255,29530,CONSTRUTORA PERFIL LTDA,RUI,,SIM,WANDERSON,ENTREGA TECNICA,CONFIRMADO,,
,sáb.,SÁB.,,,,,,,,,,,,
,sáb.,SÁB.,,,,,,,,,,,,
,sáb.,SÁB.,,,,,,,,,,,,
,sáb.,SÁB.,,,,,,,,,,,,
,sáb.,SÁB.,,,,,,,,,,,,
,sáb.,SÁB.,,,,,,,,,,,,
,sáb.,SÁB.,,,,,,,,,,,,
,sáb.,SÁB.,,,,,,,,,,,,
,sáb.,SÁB.,,,,,,,,,,,,
,sáb.,SÁB.,,,,,,,,,,,,
,sáb.,SÁB.,,,,,,,,,,,,
,sáb.,SÁB.,,,,,,,,,,,,
,sáb.,SÁB.,,,,,,,,,,,,
,sáb.,SÁB.,,,,,,,,,,,,
,sáb.,SÁB.,,,,,,,,,,,,
,sáb.,SÁB.,,,,,,,,,,,,
,sáb.,SÁB.,,,,,,,,,,,,
,sáb.,SÁB.,,,,,,,,,,,,
,sáb.,SÁB.,,,,,,,,,,,,
,sáb.,SÁB.,,,,,,,,,,,,
,sáb.,SÁB.,,,,,,,,,,,,
,sáb.,SÁB.,,,,,,,,,,,,
,sáb.,SÁB.,,,,,,,,,,,,
,sáb.,SÁB.,,,,,,,,,,,,
,sáb.,SÁB.,,,,,,,,,,,,
,sáb.,SÁB.,,,,,,,,,,,,
,sáb.,SÁB.,,,,,,,,,,,,
,sáb.,SÁB.,,,,,,,,,,,,
,sáb.,SÁB.,,,,,,,,,,,,
,sáb.,SÁB.,,,,,,,,,,,,
,sáb.,SÁB.,,,,,,,,,,,,
,sáb.,SÁB.,,,,,,,,,,,,
,sáb.,SÁB.,,,,,,,,,,,,
,sáb.,SÁB.,,,,,,,,,,,,
,sáb.,SÁB.,,,,,,,,,,,,
,sáb.,SÁB.,,,,,,,,,,,,
,sáb.,SÁB.,,,,,,,,,,,,
,sáb.,SÁB.,,,,,,,,,,,,
,sáb.,SÁB.,,,,,,,,,,,,
,sáb.,SÁB.,,,,,,,,,,,,
,sáb.,SÁB.,,,,,,,,,,,,
,sáb.,SÁB.,,,,,,,,,,,,
,sáb.,SÁB.,,,,,,,,,,,,
,sáb.,SÁB.,,,,,,,,,,,,
,sáb.,SÁB.,,,,,,,,,,,,
,sáb.,SÁB.,,,,,,,,,,,,
,sáb.,SÁB.,,,,,,,,,,,,
,sáb.,SÁB.,,,,,,,,,,,,
,sáb.,SÁB.,,,,,,,,,,,,
,sáb.,SÁB.,,,,,,,,,,,,
,sáb.,SÁB.,,,,,,,,,,,,
,sáb.,SÁB.,,,,,,,,,,,,
,sáb.,SÁB.,,,,,,,,,,,,
,sáb.,SÁB.,,,,,,,,,,,,
,sáb.,SÁB.,,,,,,,,,,,,
,sáb.,SÁB.,,,,,,,,,,,,
,sáb.,SÁB.,,,,,,,,,,,,
,sáb.,SÁB.,,,,,,,,,,,,
,sáb.,SÁB.,,,,,,,,,,,,
,sáb.,SÁB.,,,,,,,,,,,,
,sáb.,SÁB.,,,,,,,,,,,,
,sáb.,SÁB.,,,,,,,,,,,,
,sáb.,SÁB.,,,,,,,,,,,,
,sáb.,SÁB.,,,,,,,,,,,,
,sáb.,SÁB.,,,,,,,,,,,,
,sáb.,SÁB.,,,,,,,,,,,,
,sáb.,SÁB.,,,,,,,,,,,,
,sáb.,SÁB.,,,,,,,,,,,,
,sáb.,SÁB.,,,,,,,,,,,,
,sáb.,SÁB.,,,,,,,,,,,,
,sáb.,SÁB.,,,,,,,,,,,,
,sáb.,SÁB.,,,,,,,,,,,,
,sáb.,SÁB.,,,,,,,,,,,,
,sáb.,SÁB.,,,,,,,,,,,,
,sáb.,SÁB.,,,,,,,,,,,,
,sáb.,SÁB.,,,,,,,,,,,,
,sáb.,SÁB.,,,,,,,,,,,,
,sáb.,SÁB.,,,,,,,,,,,,
,sáb.,SÁB.,,,,,,,,,,,,
,sáb.,SÁB.,,,,,,,,,,,,
,sáb.,SÁB.,,,,,,,,,,,,
,sáb.,SÁB.,,,,,,,,,,,,
,sáb.,SÁB.,,,,,,,,,,,,
,sáb.,SÁB.,,,,,,,,,,,,
,sáb.,SÁB.,,,,,,,,,,,,
,sáb.,SÁB.,,,,,,,,,,,,
,sáb.,SÁB.,,,,,,,,,,,,
,sáb.,SÁB.,,,,,,,,,,,,
,sáb.,SÁB.,,,,,,,,,,,,
,sáb.,SÁB.,,,,,,,,,,,,
,sáb.,SÁB.,,,,,,,,,,,,
,sáb.,SÁB.,,,,,,,,,,,,
,sáb.,SÁB.,,,,,,,,,,,,
,sáb.,SÁB.,,,,,,,,,,,,
,sáb.,SÁB.,,,,,,,,,,,,
,sáb.,SÁB.,,,,,,,,,,,,
,sáb.,SÁB.,,,,,,,,,,,,
,sáb.,SÁB.,,,,,,,,,,,,
,sáb.,SÁB.,,,,,,,,,,,,
,sáb.,SÁB.,,,,,,,,,,,,
,sáb.,SÁB.,,,,,,,,,,,,
,sáb.,SÁB.,,,,,,,,,,,,
,sáb.,SÁB.,,,,,,,,,,,,
,sáb.,SÁB.,,,,,,,,,,,,
,sáb.,SÁB.,,,,,,,,,,,,
,sáb.,SÁB.,,,,,,,,,,,,
,sáb.,SÁB.,,,,,,,,,,,,
,sáb.,SÁB.,,,,,,,,,,,,
,sáb.,SÁB.,,,,,,,,,,,,
,sáb.,SÁB.,,,,,,,,,,,,
,sáb.,SÁB.,,,,,,,,,,,,
,sáb.,SÁB.,,,,,,,,,,,,
,sáb.,SÁB.,,,,,,,,,,,,
,sáb.,SÁB.,,,,,,,,,,,,
,sáb.,SÁB.,,,,,,,,,,,,
,sáb.,SÁB.,,,,,,,,,,,,
,sáb.,SÁB.,,,,,,,,,,,,
,sáb.,SÁB.,,,,,,,,,,,,
,sáb.,SÁB.,,,,,,,,,,,,
,sáb.,SÁB.,,,,,,,,,,,,
,sáb.,SÁB.,,,,,,,,,,,,
,sáb.,SÁB.,,,,,,,,,,,,
,sáb.,SÁB.,,,,,,,,,,,,
,sáb.,SÁB.,,,,,,,,,,,,
,sáb.,SÁB.,,,,,,,,,,,,
,sáb.,SÁB.,,,,,,,,,,,,
,sáb.,SÁB.,,,,,,,,,,,,
,sáb.,SÁB.,,,,,,,,,,,,
,sáb.,SÁB.,,,,,,,,,,,,
,sáb.,SÁB.,,,,,,,,,,,,
,sáb.,SÁB.,,,,,,,,,,,,
,sáb.,SÁB.,,,,,,,,,,,,
,sáb.,SÁB.,,,,,,,,,,,,
,sáb.,SÁB.,,,,,,,,,,,,
,sáb.,SÁB.,,,,,,,,,,,,
,sáb.,SÁB.,,,,,,,,,,,,
,sáb.,SÁB.,,,,,,,,,,,,
,sáb.,SÁB.,,,,,,,,,,,,
,sáb.,SÁB.,,,,,,,,,,,,
,sáb.,SÁB.,,,,,,,,,,,,
,sáb.,SÁB.,,,,,,,,,,,,
,sáb.,SÁB.,,,,,,,,,,,,
,sáb.,SÁB.,,,,,,,,,,,,
,sáb.,SÁB.,,,,,,,,,,,,
,sáb.,SÁB.,,,,,,,,,,,,
,sáb.,SÁB.,,,,,,,,,,,,
,sáb.,SÁB.,,,,,,,,,,,,
,sáb.,SÁB.,,,,,,,,,,,,
,sáb.,SÁB.,,,,,,,,,,,,
,sáb.,SÁB.,,,,,,,,,,,,
,sáb.,SÁB.,,,,,,,,,,,,
,sáb.,SÁB.,,,,,,,,,,,,
,sáb.,SÁB.,,,,,,,,,,,,
,sáb.,SÁB.,,,,,,,,,,,,
,sáb.,SÁB.,,,,,,,,,,,,
,sáb.,SÁB.,,,,,,,,,,,,
,sáb.,SÁB.,,,,,,,,,,,,
,sáb.,SÁB.,,,,,,,,,,,,
,sáb.,SÁB.,,,,,,,,,,,,
,sáb.,SÁB.,,,,,,,,,,,,
,sáb.,SÁB.,,,,,,,,,,,,
,sáb.,SÁB.,,,,,,,,,,,,
,sáb.,SÁB.,,,,,,,,,,,,
,sáb.,SÁB.,,,,,,,,,,,,
,sáb.,SÁB.,,,,,,,,,,,,
,sáb.,SÁB.,,,,,,,,,,,,
,sáb.,SÁB.,,,,,,,,,,,,
,sáb.,SÁB.,,,,,,,,,,,,
,sáb.,SÁB.,,,,,,,,,,,,
,sáb.,SÁB.,,,,,,,,,,,,
,sáb.,SÁB.,,,,,,,,,,,,
,sáb.,SÁB.,,,,,,,,,,,,
,sáb.,SÁB.,,,,,,,,,,,,
,sáb.,SÁB.,,,,,,,,,,,,
,sáb.,SÁB.,,,,,,,,,,,,
,sáb.,SÁB.,,,,,,,,,,,,
,sáb.,SÁB.,,,,,,,,,,,,
,sáb.,SÁB.,,,,,,,,,,,,
,sáb.,SÁB.,,,,,,,,,,,,
,sáb.,SÁB.,,,,,,,,,,,,
,sáb.,SÁB.,,,,,,,,,,,,
,sáb.,SÁB.,,,,,,,,,,,,
,sáb.,SÁB.,,,,,,,,,,,,
,sáb.,SÁB.,,,,,,,,,,,,
,sáb.,SÁB.,,,,,,,,,,,,
,sáb.,SÁB.,,,,,,,,,,,,
,sáb.,SÁB.,,,,,,,,,,,,
,sáb.,SÁB.,,,,,,,,,,,,
,sáb.,SÁB.,,,,,,,,,,,,
,sáb.,SÁB.,,,,,,,,,,,,
,sáb.,SÁB.,,,,,,,,,,,,
,sáb.,SÁB.,,,,,,,,,,,,
,sáb.,SÁB.,,,,,,,,,,,,
,sáb.,SÁB.,,,,,,,,,,,,
,sáb.,SÁB.,,,,,,,,,,,,
,sáb.,SÁB.,,,,,,,,,,,,
,sáb.,SÁB.,,,,,,,,,,,,
,sáb.,SÁB.,,,,,,,,,,,,
,sáb.,SÁB.,,,,,,,,,,,,
,sáb.,SÁB.,,,,,,,,,,,,
,sáb.,SÁB.,,,,,,,,,,,,
,sáb.,SÁB.,,,,,,,,,,,,
,sáb.,SÁB.,,,,,,,,,,,,
,sáb.,SÁB.,,,,,,,,,,,,
,sáb.,SÁB.,,,,,,,,,,,,
,sáb.,SÁB.,,,,,,,,,,,,
,sáb.,SÁB.,,,,,,,,,,,,
,sáb.,SÁB.,,,,,,,,,,,,
,sáb.,SÁB.,,,,,,,,,,,,
,sáb.,SÁB.,,,,,,,,,,,,
,sáb.,SÁB.,,,,,,,,,,,,
,sáb.,SÁB.,,,,,,,,,,,,
,sáb.,SÁB.,,,,,,,,,,,,
,sáb.,SÁB.,,,,,,,,,,,,
,sáb.,SÁB.,,,,,,,,,,,,
,sáb.,SÁB.,,,,,,,,,,,,
,sáb.,SÁB.,,,,,,,,,,,,
,sáb.,SÁB.,,,,,,,,,,,,
,sáb.,SÁB.,,,,,,,,,,,,
,sáb.,SÁB.,,,,,,,,,,,,
,sáb.,SÁB.,,,,,,,,,,,,
,sáb.,SÁB.,,,,,,,,,,,,
,sáb.,SÁB.,,,,,,,,,,,,
,sáb.,SÁB.,,,,,,,,,,,,
,sáb.,SÁB.,,,,,,,,,,,,
,sáb.,SÁB.,,,,,,,,,,,,
,sáb.,SÁB.,,,,,,,,,,,,
,sáb.,SÁB.,,,,,,,,,,,,
,sáb.,SÁB.,,,,,,,,,,,,
,sáb.,SÁB.,,,,,,,,,,,,
,sáb.,SÁB.,,,,,,,,,,,,
,sáb.,SÁB.,,,,,,,,,,,,
,sáb.,SÁB.,,,,,,,,,,,,
,sáb.,SÁB.,,,,,,,,,,,,
,sáb.,SÁB.,,,,,,,,,,,,
,sáb.,SÁB.,,,,,,,,,,,,
,sáb.,SÁB.,,,,,,,,,,,,
,sáb.,SÁB.,,,,,,,,,,,,
,sáb.,SÁB.,,,,,,,,,,,,
,sáb.,SÁB.,,,,,,,,,,,,
,sáb.,SÁB.,,,,,,,,,,,,
,sáb.,SÁB.,,,,,,,,,,,,
,sáb.,SÁB.,,,,,,,,,,,,
,sáb.,SÁB.,,,,,,,,,,,,
,sáb.,SÁB.,,,,,,,,,,,,
,sáb.,SÁB.,,,,,,,,,,,,
,sáb.,SÁB.,,,,,,,,,,,,
,sáb.,SÁB.,,,,,,,,,,,,
,sáb.,SÁB.,,,,,,,,,,,,
,sáb.,SÁB.,,,,,,,,,,,,
,sáb.,SÁB.,,,,,,,,,,,,
,sáb.,SÁB.,,,,,,,,,,,,
,sáb.,SÁB.,,,,,,,,,,,,
,sáb.,SÁB.,,,,,,,,,,,,
,sáb.,SÁB.,,,,,,,,,,,,
,sáb.,SÁB.,,,,,,,,,,,,
,sáb.,SÁB.,,,,,,,,,,,,
,sáb.,SÁB.,,,,,,,,,,,,
,sáb.,SÁB.,,,,,,,,,,,,
,sáb.,SÁB.,,,,,,,,,,,,
,sáb.,SÁB.,,,,,,,,,,,,
,sáb.,SÁB.,,,,,,,,,,,,
,sáb.,SÁB.,,,,,,,,,,,,
,sáb.,SÁB.,,,,,,,,,,,,
,sáb.,SÁB.,,,,,,,,,,,,
,sáb.,SÁB.,,,,,,,,,,,,
,sáb.,SÁB.,,,,,,,,,,,,
,sáb.,SÁB.,,,,,,,,,,,,
,sáb.,SÁB.,,,,,,,,,,,,
,sáb.,SÁB.,,,,,,,,,,,,
,sáb.,SÁB.,,,,,,,,,,,,
,sáb.,SÁB.,,,,,,,,,,,,
,sáb.,SÁB.,,,,,,,,,,,,
,sáb.,SÁB.,,,,,,,,,,,,
,sáb.,SÁB.,,,,,,,,,,,,
,sáb.,SÁB.,,,,,,,,,,,,
,sáb.,SÁB.,,,,,,,,,,,,
,sáb.,SÁB.,,,,,,,,,,,,
,sáb.,SÁB.,,,,,,,,,,,,
,sáb.,SÁB.,,,,,,,,,,,,
,sáb.,SÁB.,,,,,,,,,,,,
,sáb.,SÁB.,,,,,,,,,,,,
,sáb.,SÁB.,,,,,,,,,,,,
,sáb.,SÁB.,,,,,,,,,,,,
,sáb.,SÁB.,,,,,,,,,,,,
,sáb.,SÁB.,,,,,,,,,,,,
,sáb.,SÁB.,,,,,,,,,,,,
,sáb.,SÁB.,,,,,,,,,,,,
,sáb.,SÁB.,,,,,,,,,,,,
,sáb.,SÁB.,,,,,,,,,,,,
,sáb.,SÁB.,,,,,,,,,,,,
,sáb.,SÁB.,,,,,,,,,,,,
,sáb.,SÁB.,,,,,,,,,,,,
,sáb.,SÁB.,,,,,,,,,,,,
,sáb.,SÁB.,,,,,,,,,,,,
,sáb.,SÁB.,,,,,,,,,,,,
,sáb.,SÁB.,,,,,,,,,,,,
,sáb.,SÁB.,,,,,,,,,,,,
,sáb.,SÁB.,,,,,,,,,,,,
,sáb.,SÁB.,,,,,,,,,,,,
,sáb.,SÁB.,,,,,,,,,,,,
,sáb.,SÁB.,,,,,,,,,,,,
,sáb.,SÁB.,,,,,,,,,,,,
,sáb.,SÁB.,,,,,,,,,,,,
,sáb.,SÁB.,,,,,,,,,,,,
,sáb.,SÁB.,,,,,,,,,,,,
,sáb.,SÁB.,,,,,,,,,,,,
,sáb.,SÁB.,,,,,,,,,,,,
,sáb.,SÁB.,,,,,,,,,,,,
,sáb.,SÁB.,,,,,,,,,,,,
,sáb.,SÁB.,,,,,,,,,,,,
,sáb.,SÁB.,,,,,,,,,,,,
,sáb.,SÁB.,,,,,,,,,,,,
,sáb.,SÁB.,,,,,,,,,,,,
,sáb.,SÁB.,,,,,,,,,,,,
,sáb.,SÁB.,,,,,,,,,,,,
,sáb.,SÁB.,,,,,,,,,,,,
,sáb.,SÁB.,,,,,,,,,,,,
,sáb.,SÁB.,,,,,,,,,,,,
,sáb.,SÁB.,,,,,,,,,,,,
,sáb.,SÁB.,,,,,,,,,,,,
,sáb.,SÁB.,,,,,,,,,,,,
,sáb.,SÁB.,,,,,,,,,,,,
,sáb.,SÁB.,,,,,,,,,,,,
,sáb.,SÁB.,,,,,,,,,,,,
,sáb.,SÁB.,,,,,,,,,,,,
,sáb.,SÁB.,,,,,,,,,,,,
,sáb.,SÁB.,,,,,,,,,,,,
,sáb.,SÁB.,,,,,,,,,,,,
,sáb.,SÁB.,,,,,,,,,,,,
,sáb.,SÁB.,,,,,,,,,,,,
,sáb.,SÁB.,,,,,,,,,,,,
,sáb.,SÁB.,,,,,,,,,,,,
,sáb.,SÁB.,,,,,,,,,,,,
,sáb.,SÁB.,,,,,,,,,,,,
,sáb.,SÁB.,,,,,,,,,,,,
,sáb.,SÁB.,,,,,,,,,,,,
,sáb.,SÁB.,,,,,,,,,,,,
,sáb.,SÁB.,,,,,,,,,,,,
,sáb.,SÁB.,,,,,,,,,,,,
,sáb.,SÁB.,,,,,,,,,,,,
,sáb.,SÁB.,,,,,,,,,,,,
,sáb.,SÁB.,,,,,,,,,,,,
,sáb.,SÁB.,,,,,,,,,,,,
,sáb.,SÁB.,,,,,,,,,,,,
,sáb.,SÁB.,,,,,,,,,,,,
,sáb.,SÁB.,,,,,,,,,,,,
,sáb.,SÁB.,,,,,,,,,,,,
,sáb.,SÁB.,,,,,,,,,,,,
,sáb.,SÁB.,,,,,,,,,,,,
,sáb.,SÁB.,,,,,,,,,,,,
,sáb.,SÁB.,,,,,,,,,,,,
,sáb.,SÁB.,,,,,,,,,,,,
,sáb.,SÁB.,,,,,,,,,,,,
,sáb.,SÁB.,,,,,,,,,,,,
,sáb.,SÁB.,,,,,,,,,,,,
,sáb.,SÁB.,,,,,,,,,,,,
,sáb.,SÁB.,,,,,,,,,,,,
,sáb.,SÁB.,,,,,,,,,,,,
,sáb.,SÁB.,,,,,,,,,,,,
,sáb.,SÁB.,,,,,,,,,,,,
,sáb.,SÁB.,,,,,,,,,,,,
,sáb.,SÁB.,,,,,,,,,,,,
,sáb.,SÁB.,,,,,,,,,,,,
,sáb.,SÁB.,,,,,,,,,,,,
,sáb.,SÁB.,,,,,,,,,,,,
,sáb.,SÁB.,,,,,,,,,,,,
,sáb.,SÁB.,,,,,,,,,,,,
,sáb.,SÁB.,,,,,,,,,,,,
,sáb.,SÁB.,,,,,,,,,,,,
,sáb.,SÁB.,,,,,,,,,,,,
,sáb.,SÁB.,,,,,,,,,,,,
,sáb.,SÁB.,,,,,,,,,,,,
,sáb.,SÁB.,,,,,,,,,,,,
,sáb.,SÁB.,,,,,,,,,,,,
,sáb.,SÁB.,,,,,,,,,,,,
,sáb.,SÁB.,,,,,,,,,,,,
,sáb.,SÁB.,,,,,,,,,,,,
,sáb.,SÁB.,,,,,,,,,,,,
,sáb.,SÁB.,,,,,,,,,,,,
,sáb.,SÁB.,,,,,,,,,,,,
,sáb.,SÁB.,,,,,,,,,,,,
,sáb.,SÁB.,,,,,,,,,,,,
,sáb.,SÁB.,,,,,,,,,,,,
,sáb.,SÁB.,,,,,,,,,,,,
,sáb.,SÁB.,,,,,,,,,,,,
,sáb.,SÁB.,,,,,,,,,,,,
,sáb.,SÁB.,,,,,,,,,,,,
,sáb.,SÁB.,,,,,,,,,,,,
,sáb.,SÁB.,,,,,,,,,,,,
,sáb.,SÁB.,,,,,,,,,,,,
,sáb.,SÁB.,,,,,,,,,,,,
,sáb.,SÁB.,,,,,,,,,,,,
,sáb.,SÁB.,,,,,,,,,,,,
,sáb.,SÁB.,,,,,,,,,,,,
,sáb.,SÁB.,,,,,,,,,,,,
,sáb.,SÁB.,,,,,,,,,,,,
,sáb.,SÁB.,,,,,,,,,,,,
,sáb.,SÁB.,,,,,,,,,,,,
,sáb.,SÁB.,,,,,,,,,,,,
,sáb.,SÁB.,,,,,,,,,,,,
,sáb.,SÁB.,,,,,,,,,,,,
,sáb.,SÁB.,,,,,,,,,,,,
,sáb.,SÁB.,,,,,,,,,,,,
,sáb.,SÁB.,,,,,,,,,,,,
,sáb.,SÁB.,,,,,,,,,,,,
,sáb.,SÁB.,,,,,,,,,,,,
,sáb.,SÁB.,,,,,,,,,,,,
,sáb.,SÁB.,,,,,,,,,,,,
,sáb.,SÁB.,,,,,,,,,,,,
,sáb.,SÁB.,,,,,,,,,,,,
,sáb.,SÁB.,,,,,,,,,,,,
,sáb.,SÁB.,,,,,,,,,,,,
,sáb.,SÁB.,,,,,,,,,,,,
,sáb.,SÁB.,,,,,,,,,,,,
,sáb.,SÁB.,,,,,,,,,,,,
,sáb.,SÁB.,,,,,,,,,,,,
,sáb.,SÁB.,,,,,,,,,,,,
,sáb.,SÁB.,,,,,,,,,,,,
,sáb.,SÁB.,,,,,,,,,,,,
,sáb.,SÁB.,,,,,,,,,,,,
,sáb.,SÁB.,,,,,,,,,,,,
,sáb.,SÁB.,,,,,,,,,,,,
,sáb.,SÁB.,,,,,,,,,,,,
,sáb.,SÁB.,,,,,,,,,,,,
,sáb.,SÁB.,,,,,,,,,,,,
,sáb.,SÁB.,,,,,,,,,,,,
,sáb.,SÁB.,,,,,,,,,,,,
,sáb.,SÁB.,,,,,,,,,,,,
,sáb.,SÁB.,,,,,,,,,,,,
,sáb.,SÁB.,,,,,,,,,,,,
,sáb.,SÁB.,,,,,,,,,,,,
,sáb.,SÁB.,,,,,,,,,,,,
,sáb.,SÁB.,,,,,,,,,,,,
,sáb.,SÁB.,,,,,,,,,,,,
,sáb.,SÁB.,,,,,,,,,,,,
,sáb.,SÁB.,,,,,,,,,,,,
,sáb.,SÁB.,,,,,,,,,,,,
,sáb.,SÁB.,,,,,,,,,,,,
,sáb.,SÁB.,,,,,,,,,,,,
,sáb.,SÁB.,,,,,,,,,,,,
,sáb.,SÁB.,,,,,,,,,,,,
,sáb.,SÁB.,,,,,,,,,,,,
,sáb.,SÁB.,,,,,,,,,,,,
,sáb.,SÁB.,,,,,,,,,,,,
,sáb.,SÁB.,,,,,,,,,,,,
,sáb.,SÁB.,,,,,,,,,,,,
,sáb.,SÁB.,,,,,,,,,,,,
,sáb.,SÁB.,,,,,,,,,,,,
,sáb.,SÁB.,,,,,,,,,,,,
,sáb.,SÁB.,,,,,,,,,,,,
,sáb.,SÁB.,,,,,,,,,,,,
,sáb.,SÁB.,,,,,,,,,,,,
,sáb.,SÁB.,,,,,,,,,,,,
,sáb.,SÁB.,,,,,,,,,,,,
,sáb.,SÁB.,,,,,,,,,,,,
,sáb.,SÁB.,,,,,,,,,,,,
,sáb.,SÁB.,,,,,,,,,,,,
,sáb.,SÁB.,,,,,,,,,,,,
,sáb.,SÁB.,,,,,,,,,,,,
,sáb.,SÁB.,,,,,,,,,,,,
,sáb.,SÁB.,,,,,,,,,,,,
,sáb.,SÁB.,,,,,,,,,,,,
,sáb.,SÁB.,,,,,,,,,,,,
,sáb.,SÁB.,,,,,,,,,,,,
,sáb.,SÁB.,,,,,,,,,,,,
,sáb.,SÁB.,,,,,,,,,,,,
,sáb.,SÁB.,,,,,,,,,,,,
,sáb.,SÁB.,,,,,,,,,,,,
,sáb.,SÁB.,,,,,,,,,,,,
,sáb.,SÁB.,,,,,,,,,,,,
,sáb.,SÁB.,,,,,,,,,,,,
,sáb.,SÁB.,,,,,,,,,,,,
,sáb.,SÁB.,,,,,,,,,,,,
,sáb.,SÁB.,,,,,,,,,,,,
,sáb.,SÁB.,,,,,,,,,,,,
,sáb.,SÁB.,,,,,,,,,,,,
,sáb.,SÁB.,,,,,,,,,,,,
,sáb.,SÁB.,,,,,,,,,,,,
,sáb.,SÁB.,,,,,,,,,,,,
,sáb.,SÁB.,,,,,,,,,,,,
,sáb.,SÁB.,,,,,,,,,,,,
,sáb.,SÁB.,,,,,,,,,,,,
,sáb.,SÁB.,,,,,,,,,,,,
,sáb.,SÁB.,,,,,,,,,,,,
,sáb.,SÁB.,,,,,,,,,,,,
,sáb.,SÁB.,,,,,,,,,,,,
,sáb.,SÁB.,,,,,,,,,,,,
,sáb.,SÁB.,,,,,,,,,,,,
,sáb.,SÁB.,,,,,,,,,,,,
,sáb.,SÁB.,,,,,,,,,,,,
,sáb.,SÁB.,,,,,,,,,,,,
,sáb.,SÁB.,,,,,,,,,,,,
,sáb.,SÁB.,,,,,,,,,,,,
,sáb.,SÁB.,,,,,,,,,,,,
,sáb.,SÁB.,,,,,,,,,,,,
,sáb.,SÁB.,,,,,,,,,,,,
,sáb.,SÁB.,,,,,,,,,,,,
,sáb.,SÁB.,,,,,,,,,,,,
,sáb.,SÁB.,,,,,,,,,,,,
,sáb.,SÁB.,,,,,,,,,,,,
,sáb.,SÁB.,,,,,,,,,,,,
,sáb.,SÁB.,,,,,,,,,,,,
,sáb.,SÁB.,,,,,,,,,,,,
,sáb.,SÁB.,,,,,,,,,,,,
,sáb.,SÁB.,,,,,,,,,,,,
,sáb.,SÁB.,,,,,,,,,,,,
,sáb.,SÁB.,,,,,,,,,,,,
,sáb.,SÁB.,,,,,,,,,,,,
,sáb.,SÁB.,,,,,,,,,,,,
,sáb.,SÁB.,,,,,,,,,,,,
,sáb.,SÁB.,,,,,,,,,,,,
,sáb.,SÁB.,,,,,,,,,,,,
,sáb.,SÁB.,,,,,,,,,,,,
,sáb.,SÁB.,,,,,,,,,,,,
,sáb.,SÁB.,,,,,,,,,,,,
,sáb.,SÁB.,,,,,,,,,,,,
,sáb.,SÁB.,,,,,,,,,,,,
,sáb.,SÁB.,,,,,,,,,,,,
,sáb.,SÁB.,,,,,,,,,,,,
,sáb.,SÁB.,,,,,,,,,,,,
,sáb.,SÁB.,,,,,,,,,,,,
,sáb.,SÁB.,,,,,,,,,,,,
,sáb.,SÁB.,,,,,,,,,,,,
,sáb.,SÁB.,,,,,,,,,,,,
,sáb.,SÁB.,,,,,,,,,,,,
,sáb.,SÁB.,,,,,,,,,,,,
,sáb.,SÁB.,,,,,,,,,,,,
,sáb.,SÁB.,,,,,,,,,,,,
,sáb.,SÁB.,,,,,,,,,,,,
,sáb.,SÁB.,,,,,,,,,,,,
,sáb.,SÁB.,,,,,,,,,,,,
,sáb.,SÁB.,,,,,,,,,,,,
,sáb.,SÁB.,,,,,,,,,,,,
,sáb.,SÁB.,,,,,,,,,,,,
,sáb.,SÁB.,,,,,,,,,,,,
,sáb.,SÁB.,,,,,,,,,,,,
,sáb.,SÁB.,,,,,,,,,,,,
,sáb.,SÁB.,,,,,,,,,,,,
,sáb.,SÁB.,,,,,,,,,,,,
,sáb.,SÁB.,,,,,,,,,,,,
,sáb.,SÁB.,,,,,,,,,,,,
,sáb.,SÁB.,,,,,,,,,,,,
,sáb.,SÁB.,,,,,,,,,,,,
,sáb.,SÁB.,,,,,,,,,,,,
,sáb.,SÁB.,,,,,,,,,,,,
,sáb.,SÁB.,,,,,,,,,,,,
,sáb.,SÁB.,,,,,,,,,,,,
,sáb.,SÁB.,,,,,,,,,,,,
,sáb.,SÁB.,,,,,,,,,,,,
,sáb.,SÁB.,,,,,,,,,,,,
,sáb.,SÁB.,,,,,,,,,,,,
,sáb.,SÁB.,,,,,,,,,,,,
,sáb.,SÁB.,,,,,,,,,,,,
,sáb.,SÁB.,,,,,,,,,,,,
,sáb.,SÁB.,,,,,,,,,,,,
,sáb.,SÁB.,,,,,,,,,,,,
,sáb.,SÁB.,,,,,,,,,,,,
,sáb.,SÁB.,,,,,,,,,,,,
,sáb.,SÁB.,,,,,,,,,,,,
,sáb.,SÁB.,,,,,,,,,,,,
,sáb.,SÁB.,,,,,,,,,,,,
,sáb.,SÁB.,,,,,,,,,,,,
,sáb.,SÁB.,,,,,,,,,,,,
,sáb.,SÁB.,,,,,,,,,,,,
,sáb.,SÁB.,,,,,,,,,,,,
,sáb.,SÁB.,,,,,,,,,,,,
,sáb.,SÁB.,,,,,,,,,,,,
,sáb.,SÁB.,,,,,,,,,,,,
,sáb.,SÁB.,,,,,,,,,,,,
,sáb.,SÁB.,,,,,,,,,,,,
,sáb.,SÁB.,,,,,,,,,,,,
,sáb.,SÁB.,,,,,,,,,,,,
,sáb.,SÁB.,,,,,,,,,,,,
,sáb.,SÁB.,,,,,,,,,,,,
,sáb.,SÁB.,,,,,,,,,,,,
,sáb.,SÁB.,,,,,,,,,,,,
,sáb.,SÁB.,,,,,,,,,,,,
,sáb.,SÁB.,,,,,,,,,,,,
,sáb.,SÁB.,,,,,,,,,,,,
,sáb.,SÁB.,,,,,,,,,,,,
,sáb.,SÁB.,,,,,,,,,,,,
,sáb.,SÁB.,,,,,,,,,,,,
,sáb.,SÁB.,,,,,,,,,,,,
,sáb.,SÁB.,,,,,,,,,,,,
,sáb.,SÁB.,,,,,,,,,,,,
,sáb.,SÁB.,,,,,,,,,,,,
,sáb.,SÁB.,,,,,,,,,,,,
,sáb.,SÁB.,,,,,,,,,,,,
,sáb.,SÁB.,,,,,,,,,,,,
,sáb.,SÁB.,,,,,,,,,,,,
,sáb.,SÁB.,,,,,,,,,,,,
,sáb.,SÁB.,,,,,,,,,,,,
,sáb.,SÁB.,,,,,,,,,,,,
,sáb.,SÁB.,,,,,,,,,,,,
,sáb.,SÁB.,,,,,,,,,,,,
,sáb.,SÁB.,,,,,,,,,,,,
,sáb.,SÁB.,,,,,,,,,,,,
,sáb.,SÁB.,,,,,,,,,,,,
,sáb.,SÁB.,,,,,,,,,,,,
,sáb.,SÁB.,,,,,,,,,,,,
,sáb.,SÁB.,,,,,,,,,,,,
,sáb.,SÁB.,,,,,,,,,,,,
,sáb.,SÁB.,,,,,,,,,,,,
,sáb.,SÁB.,,,,,,,,,,,,
,sáb.,SÁB.,,,,,,,,,,,,
,sáb.,SÁB.,,,,,,,,,,,,
,sáb.,SÁB.,,,,,,,,,,,,
,sáb.,SÁB.,,,,,,,,,,,,
,sáb.,SÁB.,,,,,,,,,,,,
,sáb.,SÁB.,,,,,,,,,,,,
,sáb.,SÁB.,,,,,,,,,,,,
,sáb.,SÁB.,,,,,,,,,,,,
,sáb.,SÁB.,,,,,,,,,,,,
,sáb.,SÁB.,,,,,,,,,,,,
,sáb.,SÁB.,,,,,,,,,,,,
,sáb.,SÁB.,,,,,,,,,,,,
,sáb.,SÁB.,,,,,,,,,,,,
,sáb.,SÁB.,,,,,,,,,,,,
,sáb.,SÁB.,,,,,,,,,,,,
,sáb.,SÁB.,,,,,,,,,,,,
,sáb.,SÁB.,,,,,,,,,,,,
,sáb.,SÁB.,,,,,,,,,,,,
,sáb.,SÁB.,,,,,,,,,,,,
,sáb.,SÁB.,,,,,,,,,,,,
,sáb.,SÁB.,,,,,,,,,,,,
,sáb.,SÁB.,,,,,,,,,,,,
,sáb.,SÁB.,,,,,,,,,,,,
,sáb.,SÁB.,,,,,,,,,,,,
,sáb.,SÁB.,,,,,,,,,,,,
,sáb.,SÁB.,,,,,,,,,,,,
,sáb.,SÁB.,,,,,,,,,,,,
,sáb.,SÁB.,,,,,,,,,,,,
,sáb.,SÁB.,,,,,,,,,,,,
,sáb.,SÁB.,,,,,,,,,,,,
,sáb.,SÁB.,,,,,,,,,,,,
,sáb.,SÁB.,,,,,,,,,,,,
,sáb.,SÁB.,,,,,,,,,,,,
,sáb.,SÁB.,,,,,,,,,,,,
,sáb.,SÁB.,,,,,,,,,,,,
,sáb.,SÁB.,,,,,,,,,,,,
,sáb.,SÁB.,,,,,,,,,,,,
,sáb.,SÁB.,,,,,,,,,,,,
,sáb.,SÁB.,,,,,,,,,,,,
,sáb.,SÁB.,,,,,,,,,,,,
,sáb.,SÁB.,,,,,,,,,,,,
,sáb.,SÁB.,,,,,,,,,,,,
,sáb.,SÁB.,,,,,,,,,,,,
,sáb.,SÁB.,,,,,,,,,,,,
,sáb.,SÁB.,,,,,,,,,,,,
,sáb.,SÁB.,,,,,,,,,,,,
,sáb.,SÁB.,,,,,,,,,,,,
,sáb.,SÁB.,,,,,,,,,,,,
,sáb.,SÁB.,,,,,,,,,,,,
,sáb.,SÁB.,,,,,,,,,,,,
,sáb.,SÁB.,,,,,,,,,,,,
,sáb.,SÁB.,,,,,,,,,,,,
,sáb.,SÁB.,,,,,,,,,,,,
,sáb.,SÁB.,,,,,,,,,,,,
,sáb.,SÁB.,,,,,,,,,,,,
,sáb.,SÁB.,,,,,,,,,,,,
,sáb.,SÁB.,,,,,,,,,,,,
,sáb.,SÁB.,,,,,,,,,,,,
,sáb.,SÁB.,,,,,,,,,,,,
,sáb.,SÁB.,,,,,,,,,,,,
,sáb.,SÁB.,,,,,,,,,,,,
,sáb.,SÁB.,,,,,,,,,,,,
,sáb.,SÁB.,,,,,,,,,,,,
,sáb.,SÁB.,,,,,,,,,,,,
,sáb.,SÁB.,,,,,,,,,,,,
,sáb.,SÁB.,,,,,,,,,,,,
,sáb.,SÁB.,,,,,,,,,,,,
,sáb.,SÁB.,,,,,,,,,,,,
,sáb.,SÁB.,,,,,,,,,,,,
,sáb.,SÁB.,,,,,,,,,,,,
,sáb.,SÁB.,,,,,,,,,,,,
,sáb.,SÁB.,,,,,,,,,,,,
,sáb.,SÁB.,,,,,,,,,,,,
,sáb.,SÁB.,,,,,,,,,,,,
,sáb.,SÁB.,,,,,,,,,,,,
,sáb.,SÁB.,,,,,,,,,,,,
,sáb.,SÁB.,,,,,,,,,,,,
,sáb.,SÁB.,,,,,,,,,,,,
,sáb.,SÁB.,,,,,,,,,,,,
,sáb.,SÁB.,,,,,,,,,,,,
,sáb.,SÁB.,,,,,,,,,,,,
,sáb.,SÁB.,,,,,,,,,,,,
,sáb.,SÁB.,,,,,,,,,,,,
,sáb.,SÁB.,,,,,,,,,,,,
,sáb.,SÁB.,,,,,,,,,,,,
,sáb.,SÁB.,,,,,,,,,,,,
,sáb.,SÁB.,,,,,,,,,,,,
,sáb.,SÁB.,,,,,,,,,,,,
,sáb.,SÁB.,,,,,,,,,,,,
,sáb.,SÁB.,,,,,,,,,,,,
,sáb.,SÁB.,,,,,,,,,,,,
,sáb.,SÁB.,,,,,,,,,,,,
,sáb.,SÁB.,,,,,,,,,,,,
,sáb.,SÁB.,,,,,,,,,,,,
,sáb.,SÁB.,,,,,,,,,,,,
,sáb.,SÁB.,,,,,,,,,,,,
,sáb.,SÁB.,,,,,,,,,,,,
,sáb.,SÁB.,,,,,,,,,,,,
,sáb.,SÁB.,,,,,,,,,,,,
,sáb.,SÁB.,,,,,,,,,,,,
,sáb.,SÁB.,,,,,,,,,,,,
,sáb.,SÁB.,,,,,,,,,,,,
,sáb.,SÁB.,,,,,,,,,,,,
,sáb.,SÁB.,,,,,,,,,,,,
,sáb.,SÁB.,,,,,,,,,,,,
,sáb.,SÁB.,,,,,,,,,,,,
,sáb.,SÁB.,,,,,,,,,,,,
,sáb.,SÁB.,,,,,,,,,,,,
,sáb.,SÁB.,,,,,,,,,,,,
,sáb.,SÁB.,,,,,,,,,,,,
,sáb.,SÁB.,,,,,,,,,,,,
,sáb.,SÁB.,,,,,,,,,,,,
,sáb.,SÁB.,,,,,,,,,,,,
,sáb.,SÁB.,,,,,,,,,,,,
,sáb.,SÁB.,,,,,,,,,,,,
,sáb.,SÁB.,,,,,,,,,,,,
,sáb.,SÁB.,,,,,,,,,,,,
,sáb.,SÁB.,,,,,,,,,,,,
,sáb.,SÁB.,,,,,,,,,,,,
,sáb.,SÁB.,,,,,,,,,,,,
,sáb.,SÁB.,,,,,,,,,,,,
,sáb.,SÁB.,,,,,,,,,,,,
,sáb.,SÁB.,,,,,,,,,,,,
,sáb.,SÁB.,,,,,,,,,,,,
,sáb.,SÁB.,,,,,,,,,,,,
,sáb.,SÁB.,,,,,,,,,,,,
,sáb.,SÁB.,,,,,,,,,,,,
,sáb.,SÁB.,,,,,,,,,,,,
,sáb.,SÁB.,,,,,,,,,,,,
,sáb.,SÁB.,,,,,,,,,,,,
,sáb.,SÁB.,,,,,,,,,,,,
,sáb.,SÁB.,,,,,,,,,,,,
,sáb.,SÁB.,,,,,,,,,,,,
,sáb.,SÁB.,,,,,,,,,,,,
,sáb.,SÁB.,,,,,,,,,,,,
,sáb.,SÁB.,,,,,,,,,,,,
,sáb.,SÁB.,,,,,,,,,,,,
,sáb.,SÁB.,,,,,,,,,,,,
,sáb.,SÁB.,,,,,,,,,,,,
,sáb.,SÁB.,,,,,,,,,,,,
,sáb.,SÁB.,,,,,,,,,,,,
,sáb.,SÁB.,,,,,,,,,,,,
,sáb.,SÁB.,,,,,,,,,,,,
,sáb.,SÁB.,,,,,,,,,,,,
,sáb.,SÁB.,,,,,,,,,,,,
,sáb.,SÁB.,,,,,,,,,,,,
,sáb.,SÁB.,,,,,,,,,,,,
,sáb.,SÁB.,,,,,,,,,,,,
,sáb.,SÁB.,,,,,,,,,,,,
,sáb.,SÁB.,,,,,,,,,,,,
,sáb.,SÁB.,,,,,,,,,,,,
,sáb.,SÁB.,,,,,,,,,,,,
,sáb.,SÁB.,,,,,,,,,,,,
,sáb.,SÁB.,,,,,,,,,,,,
,sáb.,SÁB.,,,,,,,,,,,,
,sáb.,SÁB.,,,,,,,,,,,,
,sáb.,SÁB.,,,,,,,,,,,,
,sáb.,SÁB.,,,,,,,,,,,,
,sáb.,SÁB.,,,,,,,,,,,,
,sáb.,SÁB.,,,,,,,,,,,,
,sáb.,SÁB.,,,,,,,,,,,,
,sáb.,SÁB.,,,,,,,,,,,,
,sáb.,SÁB.,,,,,,,,,,,,
,sáb.,SÁB.,,,,,,,,,,,,
,sáb.,SÁB.,,,,,,,,,,,,
,sáb.,SÁB.,,,,,,,,,,,,
,sáb.,SÁB.,,,,,,,,,,,,
,sáb.,SÁB.,,,,,,,,,,,,
,sáb.,SÁB.,,,,,,,,,,,,
,sáb.,SÁB.,,,,,,,,,,,,