,,,PROGRAMAÇÃO ,,,,,,,,,,,,,,,,,
CHASSI,VEICULO,OS,IMPLEMENTO,,STATUS,CLIENTE,LOCAL,ACES.,PAGO,CAMPANHA,LOCAL,VENDA DT,NF,VENDEDOR,DT ENT.,HR ENT.,,VALOR,OS.,ACESSÓRIOS
SR031467,9.180,363108,NENHUM,FALSE,,A G B LOGISTICA LTDA,JRV,N,,NÃO TEM,JRV,30/01/2025,,GUSTAVO,,,,,,
TR030426,9.180,,,FALSE,,A R SOUSA LTDA ,ANS,S,PAGO,NÃO TEM,,18/05/2026,1039978,CRISTIANO,,,,CORTESIA,,"VINIL, CHINIL E CALHA DE CHUVA - NÃO COLOCAR MOEDA"
TR016634,11.180OD,,NENHUM,FALSE,,AGM CAETANO LTDA,GABARDO RJ,N,,NÃO TEM,,27/10/2025,1006930,DANIELITON,,,,,,
TR026701,17.230 OD,,NENHUM,FALSE,,AGM CAETANO LTDA,IMPLEMENTADOR,N,,NÃO TEM,SERVICARGA - SÃO BERNARDO DO CAMPO,04/12/2025,1013654,DANIELITON,,,,,,
TR026746,17.230 OD,,NENHUM,FALSE,,AGM CAETANO LTDA,FABRICA,N,,NÃO TEM,,08/01/2026,1023869,DANIELITON,,,,,,
VR001925,17.230 OD,,NENHUM,FALSE,,AGM CAETANO LTDA,IMPLEMENTADOR,N,,NÃO TEM,,12/02/2026,716453,DANIELITON,,,,,,
VR008167,17.230 OD,,,FALSE,,AGM CAETANO LTDA,FABRICA,N,,NÃO TEM,,30/03/2026,721526,DANIELITON,,,,,,
VR008177,17.230 OD,,,FALSE,,AGM CAETANO LTDA,IMPLEMENTADOR,N,,NÃO TEM,63999 - MARCOPOLO PR -29/04,30/03/2026,721523,DANIELITON,,,,,,
VR008097,17.230 OD,,,FALSE,,AGM CAETANO LTDA,IMPLEMENTADOR,N,,NÃO TEM,22/04/26 - COMIL ,30/03/2026,721524,DANIELITON,,,,,,
VR007205,17.230 OD,,,FALSE,,AGM CAETANO LTDA,IMPLEMENTADOR,N,,NÃO TEM,63940 - ERECHIM RS - 22/04,30/03/2026,721525,DANIELITON,,,,,,
VR006576,17.230 OD,,,FALSE,,AGM CAETANO LTDA,FABRICA,N,,NÃO TEM,,31/03/2026,722455,DANIELITON,,,,,,
VR006578,17.230 OD,,,FALSE,,AGM CAETANO LTDA,IMPLEMENTADOR,N,,NÃO TEM,64000 - COMIL - 30/04 - 23/04/206,31/03/2026,722456,DANIELITON,,,,,,
VR007004,17.230 OD,,,FALSE,,AGM CAETANO LTDA,IMPLEMENTADOR,N,,NÃO TEM,64000 - COMIL - 30/04 - 23/04/206,31/03/2026,722457,DANIELITON,,,,,,
VR008698,17.230 OD,,,FALSE,,AGM CAETANO LTDA,IMPLEMENTADOR,N,,NÃO TEM,64004 - COMIL - 30/04 - 23/04/206,31/03/2026,722453,DANIELITON,,,,,,
VR008710,17.230 OD,,,FALSE,,AGM CAETANO LTDA,IMPLEMENTADOR,N,,NÃO TEM,64004 - COMIL - 30/04 - 23/04/206,31/03/2026,722454,DANIELITON,,,,,,
VR003702,17.230 OD,,,FALSE,,AGM CAETANO LTDA,IMPLEMENTADOR,,,NÃO TEM,SERVICARGA - 09/03,17/04/2026,1035177,DANIELITON,,,,,,
VR003601,27.320,381598,CAÇAMBA - FACCHINI,TRUE,AGENDADO,AGROPECUARIA FAZENDA VEREDAS LTDA,PATIO 1,P,PAGO,NÃO TEM,,12/05/2026,1039076,PAULO,20/05/26,13:30,,,,
TR005515,9.180,,BAU - FACCHINI,FALSE,,AJEL MATERIAIS ELETRICOS LTDA - Ñ PG,PATIO 1,A,NÃO,NÃO TEM,,28/05/2026,1041998,JORGE,,,,"R$ 5.000,00",,"VINIL, MOEDA, CHINIL, MANGUEIRA DE SOPRAR, CALHA E INSUFILME"
TR021510,27.260,,NENHUM,FALSE,,AMAZONAS LOCACOES DE EQUIPAMENTOS LTDA,IMPLEMENTADOR,N,,NÃO TEM,DESTINO - LIEBHERR - GUARATINGUETÁ/SP - 20/08,08/08/2025,697878,ENEIAS,,,,,,
TR021894,27.260,,NENHUM,FALSE,,AMAZONAS LOCACOES DE EQUIPAMENTOS LTDA,IMPLEMENTADOR,N,,NÃO TEM,DESTINO - LIEBHERR - GUARATINGUETÁ/SP - 20/08,08/08/2025,697877,ENEIAS,,,,,,
TR021164,27.260,,NENHUM,FALSE,,AMAZONAS LOCACOES DE EQUIPAMENTOS LTDA,IMPLEMENTADOR,N,,NÃO TEM,DESTINO - LIEBHERR - GUARATINGUETÁ/SP - 20/08,12/08/2025,698059,ENEIAS,,,,,,
TR021599,27.260,,NENHUM,FALSE,,AMAZONAS LOCACOES DE EQUIPAMENTOS LTDA,IMPLEMENTADOR,N,,NÃO TEM,DESTINO - LIEBHERR - GUARATINGUETÁ/SP - 20/08,12/08/2025,698058,ENEIAS,,,,,,
VR003214,26.320,,NENHUM,FALSE,AGENDAR,ARMAZEM DOS MEDICAMENTOS LTDA,PATIO 1,N,PAGO,NÃO TEM,,18/05/2026,1040127,ENEIAS,,,,,,
TR032221,9.180,382325,NENHUM,FALSE,,AVS TRANSPORTES CARGAS ENCOMENDAS E VENDAS DE PASSAGENS LTDA,JRV,S,PAGO,NÃO TEM,JRV - COLOCAR BAU RETIRADO VR009894 - 29/05,21/05/2026,1040748,JOSUE,,,,"R$ 5.000,00",,"INSUFILME, TAPETES, MANGUEIRA DE SOPRAR - TRAVAR R$ 850,00 P/ EMPLACAMENTO"
VR014161,EXPRESS,382194,NENHUM,FALSE,,BUENO EVENTOS LOCACOES E SERVICOS LTDA,IMPLEMENTADOR,N,PAGO,NÃO TEM,R. A. IMPLEMENTOS - 01/06/26,18/05/2026,1040112,CRISTIANO,NF. CARLOS WHATSAPP,,,,,
VR007355,27.320,DESTINO,,FALSE,,CACU COM E IND DE ACUCAR E ALCOOL L,FABRICA,N,,NÃO TEM,VAI P/ LUBSERT SERTAOZINHO - SP,19/03/2026,720297,MARIANA,,,,,,
VR007776,27.320,DESTINO,,FALSE,,CACU COM E IND DE ACUCAR E ALCOOL L,FABRICA,N,,NÃO TEM,VAI P/ LUBSERT SERTAOZINHO - SP,19/03/2026,720298,MARIANA,,,,,,
VR007412,27.320,DESTINO,,FALSE,,CACU COM E IND DE ACUCAR E ALCOOL L,FABRICA,N,,NÃO TEM,VAI P/ ITUMBIARA,19/03/2026,720299,MARIANA,,,,,,
VR007337,27.320,BRANCO,,FALSE,,CACU COM E IND DE ACUCAR E ALCOOL L,IMPLEMENTADOR,N,,NÃO TEM,63803 - GO - 05/04/2026,19/03/2026,720296,MARIANA,,,,,,
VR009178,17.210,,,FALSE,,CACU COM E IND DE ACUCAR E ALCOOL L,IMPLEMENTADOR,N,,NÃO TEM,LUBESER EQUIP - 25/03,20/03/2026,720498,MARIANA,,,,,,
VR009379,17.210,,,FALSE,,CACU COM E IND DE ACUCAR E ALCOOL L,FABRICA,N,,NÃO TEM,,23/03/2026,720600,,,,,,,
SR032428,11.180,355555,NENHUM,FALSE,,CEL ENGENHARIA LTDA - GEOMETRIA  PASSAR P/ SALMER FAZER - SEMI NOVOS YURI,IMPLEMENTADOR,N,,NÃO TEM,GOIANIRA,21/10/2024,,RUI,,,,,,
SR032244,11.180,355556,NENHUM,FALSE,,CEL ENGENHARIA LTDA - GEOMETRIA  PASSAR P/ SALMER FAZER - SEMI NOVOS YURI,IMPLEMENTADOR,N,,NÃO TEM,GOIANIRA,21/10/2024,,RUI,,,,,,
SR033491,11.180,355557,NENHUM,FALSE,,CEL ENGENHARIA LTDA - GEOMETRIA  PASSAR P/ SALMER FAZER - SEMI NOVOS YURI,IMPLEMENTADOR,N,,NÃO TEM,GOIANIRA,21/10/2024,,RUI,,,,,,
SR033713,11.180,355561,NENHUM,FALSE,,CEL ENGENHARIA LTDA - GEOMETRIA  PASSAR P/ SALMER FAZER - SEMI NOVOS YURI,IMPLEMENTADOR,N,,NÃO TEM,GOIANIRA,21/10/2024,,RUI,,,,,,
SR033695,11.180,355564,NENHUM,FALSE,,CEL ENGENHARIA LTDA - GEOMETRIA  PASSAR P/ SALMER FAZER - SEMI NOVOS YURI,IMPLEMENTADOR,N,,NÃO TEM,GOIANIRA,21/10/2024,,RUI,,,,,,
SR033970,11.180,355790,NENHUM,FALSE,,CEL ENGENHARIA LTDA - GEOMETRIA  PASSAR P/ SALMER FAZER - SEMI NOVOS YURI,IMPLEMENTADOR,N,,NÃO TEM,GOIANIRA,28/10/2024,,RUI,,,,,,
SR031479,9.180,363158,NENHUM,FALSE,,CENTRO OESTE IMPLEMENTOS LTDA,JRV,N,,NÃO TEM,JRV,03/02/2025,,GUSTAVO,,,,,,
SR031398,9.180,362899,NENHUM,FALSE,,CENTRO OESTE IMPLEMENTOS LTDA,JRV,N,,NÃO TEM,JRV,04/02/2025,,GUSTAVO,,,,,,
SR035439,31.320,363625,NENHUM,FALSE,,CENTRO OESTE IMPLEMENTOS LTDA,JRV,N,,NÃO TEM,JRV,24/04/2025,973968,GUSTAVO,,,,,,
TR013954,9.180,,NENHUM,FALSE,,CENTRO OESTE IMPLEMENTOS LTDA,JRV,N,,NÃO TEM,,29/05/2025,690509,GUSTAVO,,,,,,
TR012983,9.180,,NENHUM,FALSE,,CENTRO OESTE IMPLEMENTOS LTDA,JRV,N,,NÃO TEM,,29/05/2025,690508,GUSTAVO,,,,,,
SR012960,9.180,,NENHUM,FALSE,,CENTRO OESTE IMPLEMENTOS LTDA,JRV,N,,NÃO TEM,,29/05/2025,690507,GUSTAVO,,,,,,
SR036353,9.180,368721,NENHUM,FALSE,,CENTRO OESTE IMPLEMENTOS LTDA,JRV,N,,NÃO TEM,JRV - 08/08/2025,25/06/2025,984916,GUSTAVO,,,,,,
TR004573,14.210,,NENHUM,FALSE,,CENTRO OESTE IMPLEMENTOS LTDA,JRV,N,,NÃO TEM,JRV - PRANCHA GABARDO,27/06/2025,693624,GUSTAVO,,,,,,
TR015969,17.210,,NENHUM,FALSE,,CENTRO OESTE IMPLEMENTOS LTDA,JRV,N,,NÃO TEM,JRV - PRANCHA GABARDO,27/06/2025,692893,GUSTAVO,,,,,,
TR028548,,375105,NENHUM,FALSE,,CENTRO OESTE IMPLEMENTOS LTDA,JRV,N,,NÃO TEM,JRV - VIAGEM - 62722 - GO - 04/11,27/10/2025,705883,GUSTAVO,,,,,,
TR029747,26.260,374049,NENHUM,FALSE,,CENTRO OESTE IMPLEMENTOS LTDA,JRV,N,,NÃO TEM,,27/10/2025,705853,GUSTAVO,,,,,,
TR031921,17.210,,NENHUM,FALSE,,CENTRO OESTE IMPLEMENTOS LTDA,JRV,N,,NÃO TEM,PRANCHA GABARDO,11/11/2025,707814,GUSTAVO,,,,,,
TR031878,17.210,,NENHUM,FALSE,,CENTRO OESTE IMPLEMENTOS LTDA,JRV,N,,NÃO TEM,JRV ,17/11/2025,708102,GUSTAVO,,,,,,
TR032313,17.210,,NENHUM,FALSE,,CENTRO OESTE IMPLEMENTOS LTDA,JRV,N,,NÃO TEM,PRANCHA GABARDO,27/11/2025,709652,GUSTAVO,,,,,,
TR032235,17.210,,NENHUM,FALSE,,CENTRO OESTE IMPLEMENTOS LTDA,JRV,N,,NÃO TEM,PRANCHA GABARDO,27/11/2025,709649,GUSTAVO,,,,,,
TR032306,17.210,,NENHUM,FALSE,,CENTRO OESTE IMPLEMENTOS LTDA,JRV,N,,NÃO TEM,,27/11/2025,709650,GUSTAVO,,,,,,
VR007353,26.320,,,FALSE,,CENTRO OESTE IMPLEMENTOS LTDA,JRV,N,,NÃO TEM,VIAGEM 63678 GO 17/03/26,09/03/2026,719249,GUSTAVO,,,,,,
VR007687,26.320,,,FALSE,,CENTRO OESTE IMPLEMENTOS LTDA,JRV,N,,NÃO TEM,PRANCHA 13/03/2026,10/03/2026,719347,GUSTAVO,,,,,,
VR007188,26.320,,,FALSE,,CENTRO OESTE IMPLEMENTOS LTDA,JRV,N,,NÃO TEM,63831 - GP - 04/04 - JRV,12/03/2026,719582,GUSTAVO,,,,,,
VR008163,26.320,,,FALSE,,CENTRO OESTE IMPLEMENTOS LTDA,JRV,N,,NÃO TEM,63848 - GO - 05/04,16/03/2026,719837,GUSTAVO,,,,,,
VR007834,26.320,381021,NENHUM,FALSE,AGENDAR,CENTRO OESTE IMPLEMENTOS LTDA,PATIO 1,N,PAGO,NÃO TEM,,16/03/2026,719836,GUSTAVO,,,,,,
VR009147,17.210,,,FALSE,,CENTRO OESTE IMPLEMENTOS LTDA,JRV,N,,NÃO TEM,63848 - GO - 05/04,20/03/2026,720433,GUSTAVO,,,,,,
VR009821,EXPRESS,,,FALSE,,CENTRO OESTE IMPLEMENTOS LTDA,IMPLEMENTADOR,N,,NÃO TEM,63906 - GO - 14/04,31/03/2026,722477,GUSTAVO,,,,,,
VR009934,EXPRESS,,,FALSE,,CENTRO OESTE IMPLEMENTOS LTDA,IMPLEMENTADOR,N,,NÃO TEM,63908 - GO - 14/04,31/03/2026,722478,GUSTAVO,,,,,,
VR008486,26.320,,,FALSE,,CENTRO OESTE IMPLEMENTOS LTDA,IMPLEMENTADOR,N,,NÃO TEM,63886 - ANS - 11/04/26,31/03/2026,722078,GUSTAVO,,,,,,
VR007960,14.180,,,FALSE,,CENTRO OESTE IMPLEMENTOS LTDA,JRV,N,,NÃO TEM,PRANCHA - 13/04/2026,31/03/2026,722128,GUSTAVO,,,,,,
VR009645,17.210,,,FALSE,,CENTRO OESTE IMPLEMENTOS LTDA,JRV,N,,NÃO TEM,PRANCHA - 10/04/2026,31/03/2026,722076,GUSTAVO,,,,,,
VR009538,17.210,,,FALSE,,CENTRO OESTE IMPLEMENTOS LTDA,JRV,N,,NÃO TEM,PRANCHA - 10/04/2026,31/03/2026,722077,GUSTAVO,,,,,,
VR009344,17.210,,,FALSE,,CENTRO OESTE IMPLEMENTOS LTDA,JRV,N,,NÃO TEM,JRV,31/03/2026,722075,GUSTAVO,,,,,,
VR009894,9.180,382195,NENHUM,FALSE,AGENDAR,CENTRO OESTE IMPLEMENTOS LTDA,JRV,N,PAGO,NÃO TEM,RETIRAR BAU - NO TR032221 AVS - 29/05,31/03/2026,722090,GUSTAVO,,,,,,
VR008299,9.180,,,FALSE,,CENTRO OESTE IMPLEMENTOS LTDA,JRV,N,,NÃO TEM,JRV,31/03/2026,722127,GUSTAVO,,,,,,
VR007322,26.260,,NENHUM,FALSE,,CENTRO OESTE IMPLEMENTOS LTDA,PATIO 2,N,PAGO,NÃO TEM,29/04/2026 - PRANCHA,13/04/2026,723328,GUSTAVO,,,,,,
VR008975,14.180,,,FALSE,,CENTRO OESTE IMPLEMENTOS LTDA,EM VIAJEM - GABARDO,N,,NÃO TEM,,14/04/2026,723593,GUSTAVO,,,,,,
VR010893,27.320,,,FALSE,,CENTRO OESTE IMPLEMENTOS LTDA,JRV,N,,NÃO TEM,29/04/2026 - PRANCHA,14/04/2026,723577,GUSTAVO,,,,,,
VR009662,14.180,,,FALSE,,CENTRO OESTE IMPLEMENTOS LTDA,JRV,N,,NÃO TEM,29/04/2026 - PRANCHA,14/04/2026,723592,GUSTAVO,,,,,,
VR010873,27.320,,,FALSE,,CENTRO OESTE IMPLEMENTOS LTDA,JRV,N,,NÃO TEM,29/04/2026 - PRANCHA,14/04/2026,723576,GUSTAVO,,,,,,
VR010166,26.260,,,FALSE,,CENTRO OESTE IMPLEMENTOS LTDA,JRV,N,,NÃO TEM,29/04/2026 - PRANCHA,15/04/2026,723711,GUSTAVO,,,,,,
TR201371,28.480,,,FALSE,,CENTRO OESTE IMPLEMENTOS LTDA,IMPLEMENTADOR,N,,NÃO TEM,JRV,22/04/2026,1035615,GUSTAVO,,,,,,
VR012617,18.260,,,FALSE,,CENTRO OESTE IMPLEMENTOS LTDA,JRV,N,,NÃO TEM,64138 - 09/05/206,22/04/2026,724473,GUSTAVO,,,,,,
SR017606,11.180,,,FALSE,,CENTRO OESTE IMPLEMENTOS LTDA,IMPLEMENTADOR,N,,NÃO TEM,JRV,24/04/2026,1036106,GUSTAVO,,,,,,
VR012559,26.260,,,FALSE,,CENTRO OESTE IMPLEMENTOS LTDA,JRV,N,,NÃO TEM,64098 - 06/05/2026,24/04/2026,724776,GUSTAVO,,,,,,
VR013355,26.320,,,FALSE,,CENTRO OESTE IMPLEMENTOS LTDA,JRV,N,,NÃO TEM,,27/04/2026,725034,GUSTAVO,,,,,,
VR013181,14.180,,NENHUM,FALSE,,CENTRO OESTE IMPLEMENTOS LTDA,JRV,N,,NÃO TEM,JRV - 07/05/2026,29/04/2026,725343,GUSTAVO,,,,,,
VR014875,26.260,,,FALSE,,CENTRO OESTE IMPLEMENTOS LTDA,JRV,N,,NÃO TEM,PRANCHA 14/05/26,07/05/2026,726659,GUSTAVO,,,,,,
VR014696,26.320,,,FALSE,,CENTRO OESTE IMPLEMENTOS LTDA,JRV,N,,NÃO TEM,PRANCHA 15/05/26,11/05/2026,726845,GUSTAVO,,,,,,
VR014589,14.180,,,FALSE,,CENTRO OESTE IMPLEMENTOS LTDA,JRV,,PAGO,NÃO TEM,PRANCHA - 25/05,20/05/2026,727819,GUSTAVO,,,,,,
VR015786,31.320,,,FALSE,,CENTRO OESTE IMPLEMENTOS LTDA,JRV,,PAGO,NÃO TEM,PRANCHA - 25/05,20/05/2026,727933,GUSTAVO,,,,,,
VR016433,31.320,,,FALSE,,CENTRO OESTE IMPLEMENTOS LTDA,JRV,,PAGO,NÃO TEM,PRANCHA - 25/05,20/05/2026,727932,GUSTAVO,,,,,,
VR015645,17.210,,,FALSE,,CENTRO OESTE IMPLEMENTOS LTDA,DESTINO ,N,PAGO,NÃO TEM,,25/05/2026,728506,GUSTAVO,,,,,,
VR013293,9.180,,,FALSE,,CENTRO OESTE IMPLEMENTOS LTDA,JRV,N,PAGO,NÃO TEM,PRANCHA - 30/05,25/05/2026,728624,GUSTAVO,,,,,,
VR015619,17.210,,,FALSE,,CENTRO OESTE IMPLEMENTOS LTDA,JRV,N,PAGO,NÃO TEM,PRANCHA - 30/05,25/05/2026,728504,GUSTAVO,,,,,,
VR015540,17.210,,,FALSE,,CENTRO OESTE IMPLEMENTOS LTDA,JRV,N,PAGO,NÃO TEM,PRANCHA - 30/05,25/05/2026,728507,GUSTAVO,,,,,,
VR015645,17.210,,,FALSE,,CENTRO OESTE IMPLEMENTOS LTDA,JRV,N,PAGO,NÃO TEM,PRANCHA - 30/05,25/05/2026,728506,GUSTAVO,,,,,,
VR015661,17.210,,,FALSE,,CENTRO OESTE IMPLEMENTOS LTDA,JRV,N,PAGO,NÃO TEM,PRANCHA - 30/05,25/05/2026,728505,GUSTAVO,,,,,,
VR012908,14.210,,,FALSE,,CENTRO OESTE IMPLEMENTOS LTDA,JRV,N,PAGO,NÃO TEM,NF. 726207 - VIAGEM - 64185 - 30/05/2026,29/05/2062,1042287,GUSTAVO,,,,,,
VR013018,26.260,,,FALSE,,CENTRO OESTE IMPLEMENTOS LTDA,JRV,N,,NÃO TEM,PRANCHA - 11/05,,,GUSTAVO,,,,,,
SR022347,18.260,,NENHUM,FALSE,,CENTRO OESTE IMPLEMENTOS LTDA,JRV,N,,NÃO TEM,JRV,,,GUSTAVO,,,,,,
SR039525,26.260,358442,NENHUM,FALSE,,CENTRO OESTE IMPLEMENTOS LTDA,JRV,N,,NÃO TEM,JRV,,,GUSTAVO,,,,,,
VR010166,26.260,,,FALSE,,CENTRO OESTE IMPLEMENTOS LTDA,JRV,,,NÃO TEM,,,,,,,,,,
VR007587,26.320,381022,NENHUM,FALSE,AVARIADO,CENTRO OESTE IMPLEMENTOS LTDA - AVARIADO PRANCHA GABARDO,PATIO 2,N,PAGO,NÃO TEM,,09/03/2026,719248,GUSTAVO,,,,,,
SR005960,14.210,356955,NENHUM,FALSE,,CERTO BRASIL DISTRIBUIDORA LTDA,JRV,N,,NÃO TEM,JRV,14/06/2024,,GUSTAVO,,,,,,
SR023571,31.320,358833,NENHUM,FALSE,,CERTO BRASIL DISTRIBUIDORA LTDA,JRV,N,,NÃO TEM,JRV,20/12/2024,,GUSTAVO,,,,,,
TR006299,11.180,,NENHUM,FALSE,,CERTO BRASIL DISTRIBUIDORA LTDA,JRV,N,,NÃO TEM,DESTINO - JRV - 17/04,14/04/2025,684850,GUSTAVO,,,,,,
TR005545,26.320,364360,NENHUM,FALSE,,CERTO BRASIL DISTRIBUIDORA LTDA,JRV,N,,NÃO TEM,JRV,14/04/2025,684841,GUSTAVO,,,,,,
SR019032,9.180,351792,NENHUM,FALSE,,CERTO BRASIL DISTRIBUIDORA LTDA,JRV,N,,NÃO TEM,JRV,,,GUSTAVO,,,,,,
SR042206,11.180,,NENHUM,FALSE,,CERTO BRASIL DISTRIBUIDORA LTDA - 6 MESES FAZER REVISÃO,JRV,N,,NÃO TEM,JRV,21/03/2025,,GUSTAVO,,,,,,
VR011861,14.210,,NENHUM,FALSE,ACESSÓRIOS,CODEVASF,PATIO 2,A,PAGO,NÃO TEM,PRANCHA 24/05,21/05/2026,1040773,WALERIA,,,,,,
VR009386,14.210,,NENHUM,FALSE,ACESSÓRIOS,CODEVASF,PATIO 2,A,PAGO,NÃO TEM,,21/05/2026,1040772,WALERIA,,,,,,
VR009515,14.210,,NENHUM,FALSE,ACESSÓRIOS,CODEVASF,PATIO 2,A,PAGO,NÃO TEM,,21/05/2026,1040771,WALERIA,,,,,,
VR013116,17.210,,NENHUM,FALSE,,CODEVASF,JRV,N,PAGO,NÃO TEM,,26/05/2026,1041465,WALERIA,,,,,,
VR011840,17.210,,NENHUM,FALSE,,CODEVASF,JRV,N,PAGO,NÃO TEM,,26/05/2026,1041464,WALERIA,,,,,,
VR011974,17.210,,NENHUM,FALSE,,CODEVASF,JRV,N,PAGO,NÃO TEM,,26/05/2026,1041462,WALERIA,,,,,,
VR012019,17.210,,NENHUM,FALSE,,CODEVASF,JRV,N,PAGO,NÃO TEM,,26/05/2026,1041461,WALERIA,,,,,,
VR012624,17.210,,NENHUM,FALSE,,CODEVASF,JRV,N,PAGO,NÃO TEM,,26/05/2026,1041460,WALERIA,,,,,,
TR024329,26.320,,NENHUM,FALSE,,CONSORCIO CUIDANDO DE GOIANIA,IMPLEMENTADOR,N,,NÃO TEM,SOLIVAC - 04/02/26 - PRANCHA GABARDO,29/01/2026,1021819,PAULO,,,,,,
TR028280,26.320,,NENHUM,FALSE,,CONSORCIO CUIDANDO DE GOIANIA,IMPLEMENTADOR,N,,NÃO TEM,SOLIVAC - 04/02/26 - PRANCHA GABARDO,29/01/2026,1021814,PAULO,,,,,,
TR023650,26.320,376512,VAI COLOCAR,FALSE,,CONSORCIO CUIDANDO DE GOIANIA,IMPLEMENTADOR,N,,NÃO TEM,SOLIVAC - 04/02/26 - PRANCHA GABARDO,29/01/2026,1021809,PAULO,,,,,,
TR002546,26.320,365078,,FALSE,,CONSORCIO CUIDANDO DE GOIANIA,IMPLEMENTADOR,N,,NÃO TEM,SOLIVAC - 04/02/26 - PRANCHA GABARDO,29/01/2026,1021813,PAULO,,,,,,
TR014186,26.260,365626,NENHUM,FALSE,SEMI NOVOS,CONSORCIO GNS DRENAGEM,PATIO 1,N,PAGO,NÃO TEM,,20/05/2026,1040310,,,,,,,
TR033344,26.260,,,FALSE,USADO,CONSORCIO GNS DRENAGEM - Ñ PG,ANS,N,NÃO,NÃO TEM,,20/05/2026,1040342,GUSTAVO,,,,,,
SR019635,26.260,353167,NENHUM,FALSE,,CONSORCIO GOLDMAN,JRV,N,PAGO,TEM,Circular AT 054-25 - Ação de Oficina – Substituição do dreno do filtro de ar - 1 Item(s),26/09/2024,,,,,,,,
VR009703,17.210,,,FALSE,SEMI NOVOS,CONSORCIO MINEIRO,JRV,N,PAGO,NÃO TEM,JRV,31/03/2026,1040465,GUSTAVO,,,,,,
TR009276,27.260,367149,NENHUM,FALSE,,CONSTRUTORA CASTANHEIRA LTDA,JRV,N,,NÃO TEM,RIO GRANDE DO SUL - FLORES DA CUNHA,28/07/2025,990862,CRISTIANO,,,,,,
TR001195,27.260,,,FALSE,,CONSTRUTORA CENTRO LESTE S/A,IMPLEMENTADOR,,,NÃO TEM,CLIENTE,06/02/2026,677884,RUI,,,,,,
TR001775,27.260,,,FALSE,,CONSTRUTORA CENTRO LESTE S/A,IMPLEMENTADOR,,,NÃO TEM,CLIENTE,06/02/2026,677888,RUI,,,,,,
TR001390,27.260,,,FALSE,,CONSTRUTORA CENTRO LESTE S/A,IMPLEMENTADOR,,,NÃO TEM,CLIENTE,06/02/2026,677891,RUI,,,,,,
TR001024,27.260,,,FALSE,,CONSTRUTORA CENTRO LESTE S/A,IMPLEMENTADOR,,,NÃO TEM,CLIENTE,06/02/2026,677887,RUI,,,,,,
TR001235,27.260,,,FALSE,,CONSTRUTORA CENTRO LESTE S/A,IMPLEMENTADOR,,,NÃO TEM,CLIENTE,06/02/2026,677886,RUI,,,,,,
TR000988,27.260,,,FALSE,,CONSTRUTORA CENTRO LESTE S/A,IMPLEMENTADOR,,,NÃO TEM,CLIENTE,06/02/2026,677885,RUI,,,,,,
TR001386,27.260,,,FALSE,,CONSTRUTORA CENTRO LESTE S/A,IMPLEMENTADOR,,,NÃO TEM,CLIENTE,06/02/2026,677890,RUI,,,,,,
TR001612,27.260,,,FALSE,,CONSTRUTORA CENTRO LESTE S/A,IMPLEMENTADOR,,,NÃO TEM,CLIENTE,06/02/2026,677890,RUI,,,,,,
VR001808,30.320,382198,NENHUM,FALSE,AGENDAR,COOPERATIVA AGROPEC MISTA DE PIRACANJUBA - COAPIL,PATIO 1,A,PAGO,NÃO TEM,,21/05/2026,1040580,LUIZ CLAUDIO,,,,"R$ 3.000,00",382240,"TAPETES, CHINIL, SOPRADOR E INSULFILME"
SR035597,17.260,,NENHUM,FALSE,,COOPERATIVA DE TRANSP DO E DE GOIAS,IMPLEMENTADOR,N,,NÃO TEM,SERVICARGA - HAWAI,13/12/2024,,FRANK,,,,,,
SR035722,17.260,,NENHUM,FALSE,,COOPERATIVA DE TRANSP DO E DE GOIAS,IMPLEMENTADOR,N,,NÃO TEM,SERVICARGA - HAWAI,13/12/2024,,FRANK,,,,,,
SR034543,17.260,,NENHUM,FALSE,,COOPERATIVA DE TRANSP DO E DE GOIAS,IMPLEMENTADOR,N,,NÃO TEM,SERVICARGA - HAWAI,13/12/2024,,FRANK,,,,,,
TR006234,17.260 OD,,NENHUM,FALSE,,COOPERATIVA DE TRANSP DO E DE GOIAS,FABRICA,N,,NÃO TEM,,30/04/2025,687141,GUSTAVO,,,,,,
TR005666,17.260 OB,,NENHUM,FALSE,,COOPERATIVA DE TRANSP DO E DE GOIAS,IMPLEMENTADOR,N,,NÃO TEM,DESTINO - SERVICARGA SAO BERNARDO - 12/05,30/04/2025,687148,GUSTAVO,,,,,,
TR006135,17.260 OB,,NENHUM,FALSE,,COOPERATIVA DE TRANSP DO E DE GOIAS,IMPLEMENTADOR,N,,NÃO TEM,DESTINO - SERVICARGA SAO BERNARDO - 12/05,30/04/2025,687140,GUSTAVO,,,,,,
TR006261,17.260 OB,,NENHUM,FALSE,,COOPERATIVA DE TRANSP DO E DE GOIAS,IMPLEMENTADOR,N,,NÃO TEM,DESTINO - SERVICARGA SAO BERNARDO - 14/05,30/04/2025,687144,GUSTAVO,,,,,,
TR006277,17.260 OB,,NENHUM,FALSE,,COOPERATIVA DE TRANSP DO E DE GOIAS,IMPLEMENTADOR,N,,NÃO TEM,DESTINO - SERVICARGA SAO BERNARDO - 14/05,30/04/2025,687143,GUSTAVO,,,,,,
TR004552,17.260 OB,,NENHUM,FALSE,,COOPERATIVA DE TRANSP DO E DE GOIAS,IMPLEMENTADOR,N,,NÃO TEM,DESTINO - SERVICARGA SAO BERNARDO - 14/05,30/04/2025,687142,GUSTAVO,,,,,,
TR005827,17.260 OB,368635,NENHUM,FALSE,,COOPERATIVA DE TRANSP DO E DE GOIAS,IMPLEMENTADOR,N,,NÃO TEM,DESTINO - SERVICARGA SAO BERNARDO - 15/05,30/04/2025,687135,GUSTAVO,,,,,,
TR005839,17.260 OB,368638,NENHUM,FALSE,,COOPERATIVA DE TRANSP DO E DE GOIAS,IMPLEMENTADOR,N,,NÃO TEM,DESTINO - SERVICARGA SAO BERNARDO - 15/05,30/04/2025,687133,GUSTAVO,,,,,,
TR005819,17.260 OB,368636,NENHUM,FALSE,,COOPERATIVA DE TRANSP DO E DE GOIAS,IMPLEMENTADOR,N,,NÃO TEM,DESTINO - SERVICARGA SAO BERNARDO - 15/05,30/04/2025,687132,GUSTAVO,,,,,,
TR006312,17.260 OB,,NENHUM,FALSE,,COOPERATIVA DE TRANSP DO E DE GOIAS,IMPLEMENTADOR,N,,NÃO TEM,DESTINO - SERVICARGA SAO BERNARDO - 15/05,30/04/2025,687131,GUSTAVO,,,,,,
TR005688,17.260 OB,,NENHUM,FALSE,,COOPERATIVA DE TRANSP DO E DE GOIAS,IMPLEMENTADOR,N,,NÃO TEM,DESTINO - SERVICARGA SAO BERNARDO - 15/05,30/04/2025,687136,GUSTAVO,,,,,,
TR005815,17.260 OB,,NENHUM,FALSE,,COOPERATIVA DE TRANSP DO E DE GOIAS,IMPLEMENTADOR,N,,NÃO TEM,DESTINO - SERVICARGA SAO BERNARDO - 15/05,30/04/2025,687134,GUSTAVO,,,,,,
TR007023,17.260 OB,,NENHUM,FALSE,,COOPERATIVA DE TRANSP DO E DE GOIAS,IMPLEMENTADOR,N,,NÃO TEM,DESTINO - SERVICARGA SAO BERNARDO - 19/05,30/04/2025,687129,GUSTAVO,,,,,,
TR006303,17.260 OB,368626,NENHUM,FALSE,,COOPERATIVA DE TRANSP DO E DE GOIAS,IMPLEMENTADOR,N,,NÃO TEM,DESTINO - SERVICARGA SAO BERNARDO - 19/05,30/04/2025,687139,GUSTAVO,,,,,,
TR007027,17.260 OB,368639,NENHUM,FALSE,,COOPERATIVA DE TRANSP DO E DE GOIAS,IMPLEMENTADOR,N,,NÃO TEM,DESTINO - SERVICARGA SAO BERNARDO - 19/05,30/04/2025,687130,GUSTAVO,,,,,,
TR006923,17.260 OB,,NENHUM,FALSE,,COOPERATIVA DE TRANSP DO E DE GOIAS,IMPLEMENTADOR,N,,NÃO TEM,DESTINO - SERVICARGA SAO BERNARDO - 19/05,30/04/2025,687150,GUSTAVO,,,,,,
TR006409,17.260 OB,,NENHUM,FALSE,,COOPERATIVA DE TRANSP DO E DE GOIAS,IMPLEMENTADOR,N,,NÃO TEM,DESTINO - SERVICARGA SAO BERNARDO - 19/05,30/04/2025,687149,GUSTAVO,,,,,,
TR005823,17.260 OB,,NENHUM,FALSE,,COOPERATIVA DE TRANSP DO E DE GOIAS,IMPLEMENTADOR,N,,NÃO TEM,DESTINO - SERVICARGA SAO BERNARDO - 19/05,30/04/2025,687147,GUSTAVO,,,,,,
TR006308,17.260 OB,,NENHUM,FALSE,,COOPERATIVA DE TRANSP DO E DE GOIAS,IMPLEMENTADOR,N,,NÃO TEM,DESTINO - SERVICARGA SAO BERNARDO - 19/05,30/04/2025,687145,GUSTAVO,,,,,,
TR005996,17.260 OB,,NENHUM,FALSE,,COOPERATIVA DE TRANSP DO E DE GOIAS,IMPLEMENTADOR,N,,NÃO TEM,DESTINO - SERVICARGA SAO BERNARDO - 19/05,30/04/2025,687137,GUSTAVO,,,,,,
TR005660,17.260 OB,,NENHUM,FALSE,,COOPERATIVA DE TRANSP DO E DE GOIAS,IMPLEMENTADOR,N,,NÃO TEM,FROTA 3335 - 23/05 DESTINO SAO BERNARDO DO CAMPO,30/04/2025,687146,GUSTAVO,,,,,,
TR006284,17.260 OB,,NENHUM,FALSE,,COOPERATIVA DE TRANSP DO E DE GOIAS,IMPLEMENTADOR,N,,NÃO TEM,FROTA 3335 - 23/05 DESTINO SAO BERNARDO DO CAMPO,30/04/2025,687138,GUSTAVO,,,,,,
TR005816,17.260 OD,,NENHUM,FALSE,,COOPERATIVA DE TRANSP DO E DE GOIAS,FABRICA,N,,NÃO TEM,,,,GUSTAVO,,,,,,
TR028140,33.260,,NENHUM,FALSE,,COOPERMIX CONCRETOS LTDA,IMPLEMENTADOR,N,PAGO,NÃO TEM,PRANCHA GABARDO LEVOU - 29/04/2026,31/03/2026,1032250,ENEIAS,,,,,,
TR025026,33.260,,NENHUM,FALSE,,COOPERMIX CONCRETOS LTDA,IMPLEMENTADOR,N,PAGO,NÃO TEM,PRANCHA GABARDO LEVOU - 29/04/2026,31/03/2026,1032247,ENEIAS,,,,,,
TR019683,30.320,,,FALSE,,CRISTAL ALIMENTOS LTDA,JRV,N,PAGO,NÃO TEM,,25/05/2026,1041212,LUIZ CARLOS,,,,,,
VR000084,17.210,,,FALSE,,DUO GELATTO INDUSTRIA DE SORVETES LTDA - Ñ PG,ANS,S,NÃO,NÃO TEM,,29/05/2026,1042170,DOUGLAS,,,,"R$ 3.000,00",,
VR010697,EXPRESS,,NENHUM,FALSE,MOVIMENTAR,E M TRANSFORMADORES E MOTORES ELETRICOS LTDA,PATIO 1,N,NÃO,NÃO TEM,VAI P/JRV,29/05/2026,1042154,LAILA,,,,,,
SR032457,32.380,,NENHUM,FALSE,,ETF AGRO LTDA,IMPLEMENTADOR,N,,NÃO TEM,VAI P/ GASCON - GABARDO VAI LEVAR,25/08/2025,995985,GUSTAVO,,,,,,
TR002489,32.380,,NENHUM,FALSE,,ETF AGRO LTDA,IMPLEMENTADOR,N,,NÃO TEM,VAI P/ GASCON - GABARDO VAI LEVAR,25/08/2025,995984,GUSTAVO,,,,,,
SR031771,32.380,357162,NENHUM,FALSE,,ETF AGRO LTDA - 6 MESES FAZER REVISÃO,IMPLEMENTADOR,N,,NÃO TEM,GASCOM,30/10/2024,,GUSTAVO,,,,,,
VR000497,26.320,,NENHUM,FALSE,MOVIMENTAR,FA INDUSTRIA E COMERCIO DE ALIMENTOS LTDA,PATIO 1,A,PAGO,NÃO TEM,VAI P/JRV,28/05/2026,1041987,DOUGLAS,,,,"R$ 9.000,00",382508,"DEFLETOR, TAPETE VINIL E MOEDA, INSULFILME E SOPRADOR"
VR008863,17.210,,NENHUM,FALSE,,FOKUS LOCADORA DE VEICULOS LTDA,IMPLEMENTADOR,N,,NÃO TEM,63876 - ANS - 0904,20/03/2026,720420,CRISTIANO,,,,,,
VR009036,17.210,,NENHUM,FALSE,AVARIADO,FOKUS LOCADORA DE VEICULOS LTDA,PATIO 2,N,PAGO,NÃO TEM,BATEU NA FACCHINI PRANCHA GABARDO,20/03/2026,720466,CRISTIANO,,,,,,
VR005980,14.180,380403,NENHUM,FALSE,,GOLD TRANSPORTES LTDA,IMPLEMENTADOR,N,PAGO,NÃO TEM,AMERICA PEÇAS - 24/04/2026,20/04/2026,1035424,JORGE,,,,,,
TR009228,26.320,,NENHUM,FALSE,,GOLDMAN SOLUCOES EM SANEAMENTO LTDA,IMPLEMENTADOR,N,,NÃO TEM,IMAP - Rio Grande do Sul - 10/06/25,29/05/2025,980484,PAULO,,,,,,
TR011555,26.320,,NENHUM,FALSE,,GOLDMAN SOLUCOES EM SANEAMENTO LTDA,IMPLEMENTADOR,N,,NÃO TEM,IMAP - Rio Grande do Sul - 10/06/25,29/05/2025,980489,PAULO,,,,,,
TR018840,26.320,,NENHUM,FALSE,,GOLDMAN SOLUCOES EM SANEAMENTO LTDA,IMPLEMENTADOR,N,,NÃO TEM,ROBOCONTROL - 28/01/2026 ,11/02/2026,1024134,PAULO,,,,,,
TR025093,26.320,,NENHUM,FALSE,,GOLDMAN SOLUCOES EM SANEAMENTO LTDA,IMPLEMENTADOR,N,,NÃO TEM,ROBOCONTROL - 28/01/2026 ,11/02/2026,1024139,PAULO,,,,,,
TR028154,18.260,,NENHUM,FALSE,,GOLDMAN SOLUCOES EM SANEAMENTO LTDA,IMPLEMENTADOR,N,,NÃO TEM,GOLDEN VAC - 22/11/2025,03/03/2026,1027680,PAULO,,,,,,
TR027739,30.320,,NENHUM,FALSE,,GOLDMAN SOLUCOES EM SANEAMENTO LTDA,IMPLEMENTADOR,N,,NÃO TEM,ROBOCONTROL - 28/01/26,04/03/2026,1027766,PAULO,,,,,,
VR004953,30.320,,NENHUM,FALSE,,GOLDMAN SOLUCOES EM SANEAMENTO LTDA,IMPLEMENTADOR,N,,NÃO TEM,GOLDMAN - 18/03/2026,18/03/2026,1029908,PAULO,,,,,,
TR022322,30.320,,NENHUM,FALSE,,GOLDMAN SOLUCOES EM SANEAMENTO LTDA,IMPLEMENTADOR,N,,NÃO TEM,GOLDMAN - 17/03/26,18/03/2026,1029912,PAULO,,,,,,
TR031652,26.320,375556,NENHUM,FALSE,,GOLDMAN SOLUCOES EM SANEAMENTO LTDA,IMPLEMENTADOR,N,,NÃO TEM,ROBOCONTROL - 11/03/2026,18/03/2026,1029917,PAULO,,,,,,
VR001042,26.320,,NENHUM,FALSE,,GOLDMAN SOLUCOES EM SANEAMENTO LTDA,IMPLEMENTADOR,N,,NÃO TEM,ROBOCONTROL - 11/03/2026,18/03/2026,1029925,PAULO,,,,,,
VR009535,EXPRESS,,NENHUM,FALSE,,GOLDMAN SOLUCOES EM SANEAMENTO LTDA,DESTINO ,N,,NÃO TEM,JRV,23/04/2026,1035982,GUSTAVO,,,,,,
VR009923,9.180,,NENHUM,FALSE,,GOLDMAN SOLUCOES EM SANEAMENTO LTDA,IMPLEMENTADOR,N,,NÃO TEM,JRV,23/04/2026,1035983,PAULO,,,,,,
TR200478,28.480,,NENHUM,FALSE,,GOLDMAN SOLUCOES EM SANEAMENTO LTDA,JRV,N,PAGO,TEM,Circular AT 049-25 - Ação de Oficina – Verificação dos tubos de alimentação de combustível - 1 Item(s),15/05/2026,1039583,PAULO,,,,"R$ 5.000,00",,
TR025827,30.320,,NENHUM,FALSE,,GOLDMAN SOLUCOES EM SANEAMENTO LTDA,ANS,N,NÃO,NÃO TEM,,29/05/2026,1042256,PAULO,,,,,,
TR019623,26.320,381854,NENHUM,FALSE,,GOLDMAN SOLUCOES EM SANEAMENTO LTDA,IMPLEMENTADOR,N,,NÃO TEM,GOLDMAN - 14/05/2026,29/05/2026,1042267,PAULO,,,,,,
VR000398,26.260,381599,NENHUM,FALSE,,GOLDMAN SOLUCOES EM SANEAMENTO LTDA,IMPLEMENTADOR,N,,NÃO TEM,GOLDMAN 15/05/26,29/05/2026,1042271,PAULO,,,,,,
VR003040,26.260,381856,NENHUM,FALSE,,GOLDMAN SOLUCOES EM SANEAMENTO LTDA,IMPLEMENTADOR,N,,NÃO TEM,,29/05/2026,1042276,PAULO,,,,,,
VR006549,26.260,381216,NENHUM,FALSE,,GOLDMAN SOLUCOES EM SANEAMENTO LTDA,IMPLEMENTADOR,N,,NÃO TEM,GOLDMAN - 08/05/2026,29/05/2026,1042248,PAULO,,,,,,
VR007011,26.320,,NENHUM,FALSE,,GOLDMAN SOLUCOES EM SANEAMENTO LTDA,IMPLEMENTADOR,,,NÃO TEM,SOLIVAC - SP - 08/05/26 prancha,29/05/2026,1042232,PAULO,,,,,,
VR006643,26.320,,NENHUM,FALSE,,GOLDMAN SOLUCOES EM SANEAMENTO LTDA,IMPLEMENTADOR,,,NÃO TEM,SOLIVAC - SP - 08/05/26 prancha,29/05/2026,1042242,PAULO,,,,,,
VR011828,26.320,,NENHUM,FALSE,,GOLDMAN SOLUCOES EM SANEAMENTO LTDA,IMPLEMENTADOR,,,NÃO TEM,SOLIVAC - SP - 18/05/26 prancha,29/05/2026,1042252,PAULO,,,,,,
VR003946,30.320,,NENHUM,FALSE,,GOLDMAN SOLUCOES EM SANEAMENTO LTDA,IMPLEMENTADOR,,,NÃO TEM,SOLIVAC - SP - 18/05/26 prancha,29/05/2026,1042231,PAULO,,,,,,
VR012408,26.320,382201,NENHUM,FALSE,MOVIMENTAR,GOLDMAN SOLUCOES EM SANEAMENTO LTDA,PATIO 2,N,PAGO,NÃO TEM,P/ GOLDMAN,29/05/2026,1042239,PAULO,,,,,,382508
VR203571,28.480,,NENHUM,FALSE,,GOLDMAN SOLUCOES EM SANEAMENTO LTDA,ITUMBIARA,N,PAGO,NÃO TEM,,29/05/2026,1042236,PAULO,,,,,,
VR005154,17.210,,NENHUM,FALSE,,INDUSTRIA E COMERCIO DE BEBIDAS IMPERIAL S.A.,IMPLEMENTADOR,N,,NÃO TEM,PRANCHA - 13/03,24/02/2026,717179,ENEIAS,,,,,,
VR003049,17.210,,NENHUM,FALSE,,INDUSTRIA E COMERCIO DE BEBIDAS IMPERIAL S.A.,IMPLEMENTADOR,N,,NÃO TEM,PRANCHA - 12/03,24/02/2026,717186,ENEIAS,,,,,,
VR003468,17.210,,NENHUM,FALSE,,INDUSTRIA E COMERCIO DE BEBIDAS IMPERIAL S.A.,IMPLEMENTADOR,N,,NÃO TEM,PRANCHA - 12/03,24/02/2026,717187,ENEIAS,,,,,,
VR005131,17.210,,NENHUM,FALSE,,INDUSTRIA E COMERCIO DE BEBIDAS IMPERIAL S.A.,IMPLEMENTADOR,N,,NÃO TEM,PRANCHA - 12/03,24/02/2026,717194,ENEIAS,,,,,,
VR004920,17.210,,NENHUM,FALSE,,INDUSTRIA E COMERCIO DE BEBIDAS IMPERIAL S.A.,IMPLEMENTADOR,N,,NÃO TEM,PRANCHA - 12/03,24/02/2026,717195,ENEIAS,,,,,,
VR005266,17.210,,NENHUM,FALSE,,INDUSTRIA E COMERCIO DE BEBIDAS IMPERIAL S.A.,IMPLEMENTADOR,N,,NÃO TEM,PRANCHA - 13/03,24/02/2026,717196,ENEIAS,,,,,,
VR005263,17.210,,NENHUM,FALSE,,INDUSTRIA E COMERCIO DE BEBIDAS IMPERIAL S.A.,IMPLEMENTADOR,N,,NÃO TEM,PRANCHA - 13/03,24/02/2026,717242,ENEIAS,,,,,,
VR003155,17.210,,NENHUM,FALSE,,INDUSTRIA E COMERCIO DE BEBIDAS IMPERIAL S.A.,IMPLEMENTADOR,N,,NÃO TEM,,25/02/2026,717431,ENEIAS,,,,,,
VR008342,26.260,,NENHUM,FALSE,,INDUSTRIA E COMERCIO DE BEBIDAS IMPERIAL S.A.,IMPLEMENTADOR,N,,NÃO TEM,FACCHINI S/A - VOTUPORANGA-SP - 63869 15/04,17/03/2026,720042,ENEIAS,,,,,,
VR009197,26.260,,NENHUM,FALSE,,INDUSTRIA E COMERCIO DE BEBIDAS IMPERIAL S.A.,IMPLEMENTADOR,N,,NÃO TEM,FACCHINI S/A - VOTUPORANGA-SP - 63870 - 15/04,20/03/2026,720517,ENEIAS,,,,,,
VR009249,26.260,,NENHUM,FALSE,,INDUSTRIA E COMERCIO DE BEBIDAS IMPERIAL S.A.,IMPLEMENTADOR,N,,NÃO TEM,FACCHINI S/A - VOTUPORANGA-SP - 63870 - 15/04,23/03/2026,720548,ENEIAS,,,,,,
VR010942,11.180,,,FALSE,REVISAO 6 MESES,J DIVINO DE SOUZA LTDA - N PG,IMPLEMENTADOR,S,NÃO,NÃO TEM,FACCHINI - 29/05/2026,15/05/2026,1039680,LUIZ CLAUDIO,,,,"R$ 3.000,00",,"R$ 1.000,00 PARA EMPLACAMENTO - TAPETE, CHINIL, INSULFILME E SOPRADOR"
TR033583,EXPRESS,374282,NENHUM,FALSE,,JANIO FABIO FLORENTINO LTDA,IMPLEMENTADOR,N,,NÃO TEM,CLIENTE RETIROU ,24/11/2025,1011601,GADMA,,,,,,
VR006609,11.180,,,FALSE,,JB INDUSTRIA E COMERCIO DE CARNES LTDA - Ñ PG,ANS,S,NÃO,NÃO TEM,,26/05/2026,1041326,JORGE,,,,,,
VR203351,29.530,,,FALSE,,JULIANA DE CASSIA S. BARCELOS,ANS,N,NÃO,NÃO TEM,,29/05/2026,1042069,KRISLEY,,,,,,
SR034128,18.260,358437,NENHUM,FALSE,,LARISSA MAGALHAES DOS SANTOS,JRV,N,,NÃO TEM,JRV,27/01/2025,,PAULO,,,,,,
SR038265,18.260,359995,NENHUM,FALSE,,LOCACOES SAO PATRICIO LTDA,JRV,N,,NÃO TEM,JRV,07/02/2025,,GUSTAVO,,,,,,
SR039414,18.260,,NENHUM,FALSE,,LOCACOES SAO PATRICIO LTDA,IMPLEMENTADOR,N,,NÃO TEM,FUTURA,21/02/2025,,GUSTAVO,,,,,,
SR033160,9.180,,NENHUM,FALSE,,LUIZ FERNANDO AMARAL,IMPLEMENTADOR,A,,NÃO TEM,FACCHINI - 14/02 - GABARDO QUE ENVIOU,15/09/2025,999776,PAULO,,,,"R$ 10.000,00",372491,
VR014428,30.320,,NENHUM,FALSE,,LUZTOL INDUSTRIA QUIMICA LTDA,PATIO 2,,NÃO,NÃO TEM,VENDA DIRETA - E-MAIL ESCANEADO DIA 18/05 GABARDO,15/05/2026,727301,,,,,,,
VR013721,18.210,,NENHUM,FALSE,,LUZTOL INDUSTRIA QUIMICA LTDA,PATIO 2,,NÃO,NÃO TEM,PRANCHA - 01/06/2026,15/05/2026,727299,,,,,,,
VR001501,17.210,,NENHUM,FALSE,,MAAS SERVICOS LTDA,IMPLEMENTADOR,N,,NÃO TEM,FACCHINI SÃO JOSE DO RIO PRETO,22/01/2026,714575,CRISTIANO,,,,,,
VR000756,17.210,,NENHUM,FALSE,,MAAS SERVICOS LTDA,IMPLEMENTADOR,N,,NÃO TEM,EMAQ IND - APARECIDA DE GOIANIA GP ,22/01/2026,714549,CRISTIANO,,,,,,
VR002430,17.210,,NENHUM,FALSE,,MAAS SERVICOS LTDA,IMPLEMENTADOR,N,,NÃO TEM,IMAP - SANTO ANTONIO DA POSSE 27/02,21/02/2026,716877,CRISTIANO,,,,,,
VR002494,17.210,,NENHUM,FALSE,,MAAS SERVICOS LTDA,IMPLEMENTADOR,N,,NÃO TEM,IMAP - SANTO ANTONIO DA POSSE 27/02,21/02/2026,71678,CRISTIANO,,,,,,
VR002787,17.210,,NENHUM,FALSE,,MAAS SERVICOS LTDA,IMPLEMENTADOR,N,,NÃO TEM,IMAP - SANTO ANTONIO DA POSSE 27/02,21/02/2026,716875,CRISTIANO,,,,,,
VR002494,17.210,,NENHUM,FALSE,,MAAS SERVICOS LTDA,IMPLEMENTADOR,N,,NÃO TEM,IMAP - SANTO ANTONIO DA POSSE ,21/02/2026,716874,CRISTIANO,,,,,,
VR003030,17.210,,NENHUM,FALSE,,MAAS SERVICOS LTDA,CLIENTE,N,,NÃO TEM,25/02/2026,24/02/2026,717173,CRISTIANO,,,,,,
VR003207,17.210,,NENHUM,FALSE,,MAAS SERVICOS LTDA,IMPLEMENTADOR,N,,NÃO TEM,MAAS SERVIÇOS,27/02/2026,718155,CRISTIANO,,,,,,
VR003680,17.210,,NENHUM,FALSE,,MAAS SERVICOS LTDA,IMPLEMENTADOR,N,,NÃO TEM,MAAS SERVIÇOS,27/02/2026,718159,CRISTIANO,,,,,,
VR003374,17.210,,NENHUM,FALSE,,MAAS SERVICOS LTDA,IMPLEMENTADOR,N,,NÃO TEM,MAAS SERVIÇOS,27/02/2026,718158,CRISTIANO,,,,,,
VR008309,26.260,,NENHUM,FALSE,,MAAS SERVICOS LTDA,IMPLEMENTADOR,N,,NÃO TEM,MAAS SERVIÇOS - 18/03,13/03/2026,719702,CRISTIANO,,,,,,
VR008653,26.260,,NENHUM,FALSE,,MAAS SERVICOS LTDA,IMPLEMENTADOR,N,,NÃO TEM,MAAS GO - 29/03/2026,17/03/2026,720052,CRISTIANO,,,,,,
VR008339,26.260,,NENHUM,FALSE,,MAAS SERVICOS LTDA,IMPLEMENTADOR,N,,NÃO TEM,MAAS SERVIÇOS - 19/03,17/03/2026,719992,CRISTIANO,,,,,,
VR008730,26.260,,NENHUM,FALSE,,MAAS SERVICOS LTDA,IMPLEMENTADOR,N,,NÃO TEM,MAAS GO - 29/03/2026,18/03/2026,720081,CRISTIANO,,,,,,
VR009001,26.260,,NENHUM,FALSE,,MAAS SERVICOS LTDA,IMPLEMENTADOR,N,,NÃO TEM,63808 - SÃO JOSE DO RIO PRETO - 02/04/26,19/03/2026,720375,CRISTIANO,,,,,,
VR009045,26.260,,NENHUM,FALSE,,MAAS SERVICOS LTDA,IMPLEMENTADOR,N,,NÃO TEM,FACCHINI - VOTUPORANGA - 08/04,20/03/2026,720415,CRISTIANO,,,,,,
VR009153,26.260,,NENHUM,FALSE,,MAAS SERVICOS LTDA,IMPLEMENTADOR,N,,NÃO TEM,FACCHINI - VOTUPORANGA - 08/04,20/03/2026,720476,CRISTIANO,,,,,,
VR009189,26.260,,NENHUM,FALSE,,MAAS SERVICOS LTDA,IMPLEMENTADOR,N,,NÃO TEM,63867 - VOTUPORANGA - 11/04,20/03/2026,720519,CRISTIANO,,,,,,
VR009327,26.260,,NENHUM,FALSE,,MAAS SERVICOS LTDA,IMPLEMENTADOR,N,,NÃO TEM,FACCHINI - VOTUPORANGA - 08/04,23/03/2026,720581,CRISTIANO,,,,,,
VR009284,26.260,,NENHUM,FALSE,,MAAS SERVICOS LTDA,IMPLEMENTADOR,N,,NÃO TEM,63842 - SAO JOSE DO RIO PRETO-SP - 07/04,23/03/2026,720573,CRISTIANO,,,,,,
VR009274,26.260,,NENHUM,FALSE,,MAAS SERVICOS LTDA,IMPLEMENTADOR,N,,NÃO TEM,63867 - VOTUPORANGA - 08/04,23/03/2026,720582,CRISTIANO,,,,,,
VR009605,26.260,,NENHUM,FALSE,,MAAS SERVICOS LTDA,IMPLEMENTADOR,N,,NÃO TEM,63802 - SAO JOSE DO RIO PRETO-SP - 02/04,24/03/2026,720834,CRISTIANO,,,,,,
VR009732,26.260,,NENHUM,FALSE,,MAAS SERVICOS LTDA,IMPLEMENTADOR,N,,NÃO TEM,63923 - SAO JOSE DO RIO PRETO-SP - 19/04,25/03/2026,720941,CRISTIANO,,,,,,
VR009837,26.260,,NENHUM,FALSE,,MAAS SERVICOS LTDA,IMPLEMENTADOR,N,,NÃO TEM,63923 - SAO JOSE DO RIO PRETO-SP - 19/04,25/03/2026,720942,CRISTIANO,,,,,,
VR009831,26.260,,NENHUM,FALSE,,MAAS SERVICOS LTDA,IMPLEMENTADOR,N,,NÃO TEM,63842 - SAO JOSE DO RIO PRETO-SP - 07/04,25/03/2026,720943,CRISTIANO,,,,,,
VR009859,26.260,,NENHUM,FALSE,,MAAS SERVICOS LTDA,IMPLEMENTADOR,N,,NÃO TEM,63870 - VOTUPORANGA - 12/04,25/03/2026,720944,CRISTIANO,,,,,,
VR009855,26.260,,NENHUM,FALSE,,MAAS SERVICOS LTDA,IMPLEMENTADOR,N,,NÃO TEM,FACCHINI VOTUPORANGA - SP - 07/04/2026,26/03/2026,721178,CRISTIANO,,,,,,
VR010065,26.260,,NENHUM,FALSE,,MAAS SERVICOS LTDA,IMPLEMENTADOR,N,,NÃO TEM,FACCHINI VOTUPORANGA - SP - 07/04/2026,26/03/2026,721179,CRISTIANO,,,,,,
TR201468,28.480,,,FALSE,REVISAO 1 ANO,MAPRA TRANSPORTES LTDA - Ñ PG,ANS,N,NÃO,TEM,Circular AT 001-26 - Ação de Oficina – Atualização do software do Box RIO e reativação do despotenciamento - 1 Item(s) / Circular AT 049-25 - Ação de Oficina – Verificação dos tubos de alimentação de combustível - 1 Item(s),29/05/2026,1042339,MARIANA,,,,,,
VR000363,9.180,,,FALSE,,MATTOS EMPREENDIMENTOS LTDA - Ñ PG,ANS,N,NÃO,NÃO TEM,,29/05/2026,1042289,JORGE,,,,,,
SR004248,26.320,346576,NENHUM,FALSE,,MINERAÇÃO TRANSPORTES,IMPLEMENTADOR,N,PAGO,TEM,IGARAPE MG (RODO BEM IMPL),,,MARIANA,Carta DVM AT 024-24 - Ação de Campo – Inspeção no sensor de pressão do DPF e instalação de defletores de calor - 1 Item(s),,,,,
TR200268,28.480,382328,NENHUM,FALSE,REVISAO 6 MESES,MMJV GRAOS LTDA ,PATIO 1,P,PAGO,REALIZADA,Circular AT 049-25 - Ação de Oficina – Verificação dos tubos de alimentação de combustível - 1 Item(s),21/05/2026,1040665,MARIANA,,,,"R$ 5.000,00",382440,"EMPLACAMENTO - CHINIL, VINIL, INSULFILME"
SR033861,11.180,355562,NENHUM,FALSE,USADO,MP TRANSPORTE E LOGISTICA LTDA,IMPLEMENTADOR,N,PAGO,NÃO TEM,GOIANIRA,13/05/2026,1039300,PAULO,,,,,,
TR035769,17.210,,BAU - JRV,FALSE,SEMI NOVOS,MP TRANSPORTE E LOGISTICA LTDA,JRV,N,PAGO,NÃO TEM,,13/05/2026,1039298,PAULO,,,,,,
VR010487,14.210,,,FALSE,,MP TRANSPORTE E LOGISTICA LTDA - Ñ PG,ANS,N,NÃO,NÃO TEM,,29/05/2026,1042270,PAULO,,,,,,
VR004609,14.210,,,FALSE,,MP TRANSPORTE E LOGISTICA LTDA - Ñ PG,ANS,N,NÃO,NÃO TEM,,29/05/2026,1042266,PAULO,,,,,,
TR030251,8.180 OD,,NENHUM,FALSE,,MUNICIPIO DE HIDROLANDIA,FABRICA,N,,NÃO TEM,,24/11/2025,708671,RUI,,,,,,
TR030345,8.180 OD,,NENHUM,FALSE,,MUNICIPIO DE HIDROLANDIA,FABRICA,N,,NÃO TEM,,24/11/2025,708672,RUI,,,,,,
,,,,FALSE,,NUTRIZA - COLOCAR LAMEIRO EM TODOS - JRV,,,,NÃO TEM,,,,,,,,,,
TR019173,9.180,,,FALSE,,NWF TRANSPORTES E LOGISTICA LTDA - Ñ PG,JRV,S,NÃO,NÃO TEM,,29/05/2026,1042227,CARLOS,,,,"R$ 1.500,00",,
TR023736,30.320,379606,NENHUM,FALSE,,PLASTIKA INDUSTRIA E COMERCIO DE EMBALAGENS LTDA,JRV,S,PAGO,NÃO TEM,JRV - RETIRAR BAÚ - 09/04/2026,02/04/2026,1032896,DOUGLAS,,,,"R$ 980,00",,"TAPETE DE BORRACHA, INSULFILME, SOPRADOR, VINIL E DUAS GARRAFAS"
SR020311,11.180,351793,NENHUM,FALSE,,PRECISAO AEROAGRICOLA LTDA - ACESSÓRIOS - 6 MESES FAZER REVISÃO,IMPLEMENTADOR,S,,NÃO TEM,JBS,14/08/2024,,LUIZ CLAUDIO,,,,,,
TR023516,25.480,382202,NENHUM,FALSE,AGENDAR,RE TRANSPORTES LTDA,IMPLEMENTADOR,P,PAGO,NÃO TEM,ROBERTO LEVOU - 26/05/2026,18/05/2026,1039938,LUIZ CLAUDIO,,,,"R$ 3.000,00",382127,"TAPETES, CHINIL, MANGUEIRA DE SOPRAR E CORTINA"
SR022198,18.260,351379,NENHUM,FALSE,,REALMIX CONCRETO LTDA,IMPLEMENTADOR,N,,NÃO TEM,ATIBAIA,09/08/2024,,CRISTIANO,,,,,,
VR005665,31.320,,,FALSE,,REFRESCOS BANDEIRANTES IND. E COM. LTDA,ANS,N,PAGO,TEM,Carta DVM AT 010-26 - Ação de Campo - Substituição do elemento do filtro de ar do motor - Constellation - 1 Item(s),29/05/2026,1042051,CRISTIANO,,,,,,
VR015462,17.210,,NENHUM,FALSE,MOVIMENTAR,REGRA LOGISTICA EM DISTRIBUICAO LTDA,IMPLEMENTADOR,N,PAGO,NÃO TEM,REGRA - 01/06/26,20/05/2026,725012,CRISTIANO,,,,,,
SR037337,11.180,359752,NENHUM,FALSE,,ROBOCONTROL EQUIPAMENTOS E SERVICOS - 6 MESES FAZER REVISÃO,IMPLEMENTADOR,N,,NÃO TEM,IMAP - Rio Grande do Sul - 10/06/25,05/06/2025,981874,PAULO,,,,,,
TR021572,18.260,370115,NENHUM,FALSE,,ROBOCONTROL EQUIPAMENTOS E SERVICOS LTDA,IMPLEMENTADOR,N,,NÃO TEM,GOLDEN VAC - 02/09,05/12/2025,1013902,,,,,,,
TR021661,18.260,370114,NENHUM,FALSE,,ROBOCONTROL EQUIPAMENTOS E SERVICOS LTDA,IMPLEMENTADOR,N,,NÃO TEM,GOLDEN VAC - 02/09,05/12/2025,1013904,PAULO,,,,,,
TR032380,17.210,,,FALSE,,ROBOCONTROL EQUIPAMENTOS E SERVICOS LTDA,JRV,N,,NÃO TEM,JRV - 12/01/2026,11/03/2026,1029810,PAULO,,,,,,
TR035838,17.210,SEMINOVO,,FALSE,,ROBOCONTROL EQUIPAMENTOS E SERVICOS LTDA,JRV,N,,NÃO TEM,,20/03/2026,1030427,PAULO,,,,,,
SR037577,11.180,360946,NENHUM,FALSE,,ROBOCONTROL EQUIPAMENTOS E SERVICOS LTDA ,CLIENTE,N,,NÃO TEM,CAMINHÃO COM FALHA DE EMISSÕES  FOI 19/09,18/09/2025,1000413,GUSTAVO,,,,,,
TR010933,32.380,364782,NENHUM,FALSE,,SAO SALVADOR ALIMENTOS S.A,JRV,N,,NÃO TEM,JRV ,08/05/2025,976425,EURIPEDES,,,,,,
TR016208,17.210,366677,NENHUM,FALSE,,SOUSA NAVES INDUSTRIA E COMERCIO DE FERRAGENS LTDA,JRV,N,,NÃO TEM,JRV -27/06,24/06/2025,984647,CRISTIANO,,,,,,
TR013193,17.210,366674,NENHUM,FALSE,,SOUSA NAVES INDUSTRIA E COMERCIO DE FERRAGENS LTDA,JRV,N,,NÃO TEM,JRV -27/06,24/06/2025,984645,CRISTIANO,,,,,,
TR004325,26.320,,NENHUM,FALSE,,SOUSA NAVES INDUSTRIA E COMERCIO DE FERRAGENS LTDA,JRV,N,,NÃO TEM,JRV - 30/09,25/09/2025,1001693,CRISTIANO,,,,,,
TR004602,26.320,375109,NENHUM,FALSE,,SOUSA NAVES INDUSTRIA E COMERCIO DE FERRAGENS LTDA,JRV,N,,NÃO TEM,JRV -27/06,25/09/2025,1001692,CRISTIANO,,,,,,
TR023626,18.210,,NENHUM,FALSE,,T & T COMERCIO E REPRESENTACAO LTDA,IMPLEMENTADOR,S,PAGO,NÃO TEM,FACCHINI SÃO JOSÉ DO RIO PRETO - PRANCHA GABARDO,26/09/2025,702848,LUIZ CARLOS,,,,EXTERNO,,TANQUE AUXILIAR
TR027040,11.180,,NENHUM,FALSE,,T & T COMERCIO E REPRESENTACAO LTDA,IMPLEMENTADOR,S,PAGO,NÃO TEM,TeT LEVOU - MOTORISTA GLAUBER,26/09/2025,702846,LUIZ CARLOS,,,,EXTERNO,,TANQUE AUXILIAR
VR008195,30.320,,,FALSE,,T & T COMERCIO E REPRESENTACAO LTDA,IMPLEMENTADOR,S,PAGO,NÃO TEM,FACCHINI SÃO JOSE DO RIO PRETO - SP -19/04/26,31/03/2026,722217,LUIZ CARLOS,,,,EXTERNO,,TANQUE AUXILIAR
VR009695,17.210,,,FALSE,,T & T COMERCIO E REPRESENTACAO LTDA,IMPLEMENTADOR,S,PAGO,NÃO TEM,FACCHINI SÃO JOSE DO RIO PRETO - SP -19/04/26,31/03/2026,722045,LUIZ CARLOS,,,,EXTERNO,,TANQUE AUXILIAR
VR009900,17.210,,,FALSE,,T & T COMERCIO E REPRESENTACAO LTDA,IMPLEMENTADOR,S,PAGO,NÃO TEM,FACCHINI SÃO JOSE DO RIO PRETO - SP -19/04/26,31/03/2026,722046,LUIZ CARLOS,,,,EXTERNO,,TANQUE AUXILIAR
VR009675,17.210,,,FALSE,,T & T COMERCIO E REPRESENTACAO LTDA,IMPLEMENTADOR,S,PAGO,NÃO TEM,FACCHINI SÃO JOSE DO RIO PRETO - SP -19/04/26,31/03/2026,722047,LUIZ CARLOS,,,,EXTERNO,,TANQUE AUXILIAR
VR006763,11.180,380220,NENHUM,FALSE,,T & T COMERCIO E REPRESENTACAO LTDA,IMPLEMENTADOR,P,PAGO,NÃO TEM,WINTER LEVOU - 17/04/2026,31/03/2026,722065,LUIZ CARLOS,,,,EXTERNO,379810,TANQUE AUXILIAR
VR006677,11.180,380219,NENHUM,FALSE,,T & T COMERCIO E REPRESENTACAO LTDA,IMPLEMENTADOR,P,PAGO,NÃO TEM,WINTER LEVOU - 22/04/2026,31/03/2026,722066,LUIZ CARLOS,,,,EXTERNO,379811,TANQUE AUXILIAR
VR006741,11.180,380223,NENHUM,FALSE,,T & T COMERCIO E REPRESENTACAO LTDA,IMPLEMENTADOR,P,PAGO,NÃO TEM,WINTER LEVOU - 22/04/2026,31/03/2026,722062,LUIZ CARLOS,,,,EXTERNO,379813,TANQUE AUXILIAR
VR006902,11.180,380351,NENHUM,FALSE,,T & T COMERCIO E REPRESENTACAO LTDA,IMPLEMENTADOR,P,PAGO,NÃO TEM,WINTER LEVOU - 23/04/2026,31/03/2026,722063,LUIZ CARLOS,,,,EXTERNO,380167,TANQUE AUXILIAR
VR014483,30.320,,,FALSE,,T & T COMERCIO E REPRESENTACAO LTDA,GABARDO RJ,N,PAGO,NÃO TEM,,22/05/2026,728274,LUIZ CLAUDIO,,,,,,
TR009889,26.260,378319,NENHUM,FALSE,,TAF EQUIPAMENTOS E SERVICOS LTDA,IMPLEMENTADOR,N,,NÃO TEM,FORZA ABADIA DE GOIAS - 16/03/2026,26/02/2026,1026741,CRISTIANO,,,,,,
VR008371,30.320,,,FALSE,,TAM LOGISTICA E TRANSPORTES LTDA,ANS,S,PAGO,NÃO TEM,,29/05/2026,1042163,LUIZ CLAUDIO,,,,"R$ 3.000,00",,
TR022688,31.320,,NENHUM,FALSE,,TECPAV ENGENHARIA LTDA,IMPLEMENTADOR,S,,NÃO TEM,ROMANELLI EQUIP. - PRANCHA GABARDO,07/10/2025,703876,RUI,,,,EXTERNO,,"VINIL, CHINIL, INSUFILME E MANGUEIRA DE SOPRAR -R$ 1.890,00"
VR004257,25.480,,,FALSE,,TECPAV ENGENHARIA LTDA,ANS,N,PAGO,NÃO TEM,,27/04/2026,1036490,RUI,,,,,,
TR030451,25.480,,,FALSE,,TECPAV ENGENHARIA LTDA,ANS,N,PAGO,TEM,Circular AT 049-25 - Ação de Oficina – Verificação dos tubos de alimentação de combustível - 1 Item(s),27/04/2026,1036488,RUI,,,,,,
SR019935,13.180,353917,NENHUM,FALSE,,TELES CONSTRUTORA COMERCIO E SERVICOS LTD,JRV,N,,NÃO TEM,JRV,27/09/2024,,DOUGLAS,,,,,,
TR201565,28.480,,NENHUM,FALSE,SEMI NOVOS,TRANSPORTADORA CENTRO OESTE EXPRESS LTDA -Ñ PG,PATIO 1,N,NÃO,TEM,Circular AT 001-26 - Ação de Oficina – Atualização do software do Box RIO e reativação do despotenciamento - 1 Item(s) / Circular AT 049-25 - Ação de Oficina – Verificação dos tubos de alimentação de combustível - 1 Item(s),27/05/2026,1041662,GUILHERME,,,,,,
TR010335,17.210,366423,NENHUM,FALSE,,TRANSPORTADORA J.D.F. LTDA,JRV,N,,NÃO TEM,JRV,23/05/2025,690546,CRISTIANO,,,,,,
TR014450,11.180,367046,NENHUM,FALSE,,TRANSPORTADORA J.D.F. LTDA,FABRICA,N,,NÃO TEM,,28/05/2025,689964,CRISTIANO,,,,,,
TR014427,11.180,,NENHUM,FALSE,,TRANSPORTADORA J.D.F. LTDA ,FABRICA,N,,NÃO TEM,,28/05/2025,689965,CRISTIANO,,,,,,
SR031409,9.180,366269,NENHUM,FALSE,,TRIP LOCACOES E EVENTOS LTDA ,JRV,N,,NÃO TEM,JRV - 28/07,20/06/2025,984360,GUSTAVO,,,,,,
VR010038,27.320,,NENHUM,FALSE,,USINA PANORAMA S/A,IMPLEMENTADOR,N,,NÃO TEM,VIAGEM - 64017 - SERTAOZINHO SP - 28/04,02/04/2026,722747,GUSTAVO,,,,,,
VR010955,27.320,,NENHUM,FALSE,,USINA PANORAMA S/A,IMPLEMENTADOR,N,,NÃO TEM,VIAGEM - 64017 - SERTAOZINHO SP - 28/04,06/04/2026,722747,GUSTAVO,,,,,,
VR010846,27.320,,NENHUM,FALSE,,USINA PANORAMA S/A,IMPLEMENTADOR,N,,NÃO TEM,VIAGEM - 64017 - SERTAOZINHO SP - 28/04,14/04/2026,723496,GUSTAVO,,,,,,
VR014122,27.320,,NENHUM,FALSE,ENTREGA ITUMBIARA,USINA PANORAMA S/A,ITUMBIARA,N,,NÃO TEM,,29/04/2026,725749,GUSTAVO,13/05/26,13:30,,,,
VR014063,27.320,,NENHUM,FALSE,ENTREGA ITUMBIARA,USINA PANORAMA S/A,ITUMBIARA,N,,NÃO TEM,,29/04/2026,725750,GUSTAVO,13/05/26,13:30,,,,
TR015770,11.180 OD,,NENHUM,FALSE,,VIACAO RAISSA LTDA,GABARDO RJ,N,,NÃO TEM,PÁTIO GABARDO - SÃO BERNARDO DO CAMPO/SP - 07/07/25,18/06/2025,692422,FRANK,,,,,,
TR015224,11.180 OD,,NENHUM,FALSE,,VIACAO RAISSA LTDA,GABARDO RJ,N,,NÃO TEM,PÁTIO GABARDO - SÃO BERNARDO DO CAMPO/SP - 11/07/25,18/06/2025,692421,FRANK,,,,,,
TR015952,11.180 OD,,NENHUM,FALSE,,VIACAO RAISSA LTDA,GABARDO RJ,N,,NÃO TEM,PÁTIO GABARDO - SÃO BERNARDO DO CAMPO/SP - 12/07/25,18/06/2025,692420,FRANK,,,,,,
TR015794,11.180 OD,,NENHUM,FALSE,,VIACAO RAISSA LTDA,GABARDO RJ,N,,NÃO TEM,PÁTIO GABARDO - SÃO BERNARDO DO CAMPO/SP - 12/07/25,18/06/2025,692415,FRANK,,,,,,
TR015230,11.180 OD,,NENHUM,FALSE,,VIACAO RAISSA LTDA,GABARDO RJ,N,,NÃO TEM,PÁTIO GABARDO - SÃO BERNARDO DO CAMPO/SP - 14/07/25,18/06/2025,692417,FRANK,,,,,,
TR015778,11.180 OD,,NENHUM,FALSE,,VIACAO RAISSA LTDA,GABARDO RJ,N,,NÃO TEM,PÁTIO GABARDO - SÃO BERNARDO DO CAMPO/SP - 14/07/25,18/06/2025,692416,FRANK,,,,,,
TR015985,11.180 OD,,NENHUM,FALSE,,VIACAO RAISSA LTDA,GABARDO RJ,N,,NÃO TEM,PÁTIO GABARDO - SÃO BERNARDO DO CAMPO/SP - 24/06/25,18/06/2025,692424,FRANK,,,,,,
TR015431,11.180 OD,,NENHUM,FALSE,,VIACAO RAISSA LTDA,GABARDO RJ,N,,NÃO TEM,PÁTIO GABARDO - SÃO BERNARDO DO CAMPO/SP - 24/06/25,18/06/2025,692423,FRANK,,,,,,
TR015218,11.180 OD,,NENHUM,FALSE,,VIACAO RAISSA LTDA,GABARDO RJ,N,,NÃO TEM,PÁTIO GABARDO - SÃO BERNARDO DO CAMPO/SP - 24/06/25,18/06/2025,692419,FRANK,,,,,,
TR015221,11.180 OD,,NENHUM,FALSE,,VIACAO RAISSA LTDA,GABARDO RJ,N,,NÃO TEM,PÁTIO GABARDO - SÃO BERNARDO DO CAMPO/SP - 24/06/25,18/06/2025,692418,FRANK,,,,,,
VR011444,17.230,,,FALSE,,VIAGOV LTDA,IMPLEMENTADOR,N,PAGO,NÃO TEM,,25/05/2026,1041159,DANIELITON,,,,,,
VR007826,26.260,,,FALSE,,ZEMA INDUSTRIAL LTDA - Ñ PG,ANS,S,NÃO,TEM,Carta DVM AT 010-26 - Ação de Campo - Substituição do elemento do filtro de ar do motor - Constellation - 1 Item(s),29/05/2026,1042279,DOUGLAS,,,,"R$ 980,00",,
,,,,FALSE,,,,,,,,,,,,,,,,
,,,,FALSE,,,,,,,,,,,,,,,,
,,,,FALSE,,,,,,,,,,,,,,,,
,,,,FALSE,,,,,,,,,,,,,,,,
,,,,FALSE,,,,,,,,,,,,,,,,
,,,,FALSE,,,,,,,,,,,,,,,,
,,,,FALSE,,,,,,,,,,,,,,,,