,,ESTOQUE ,,,,,,,,,,,,,,,,,
CHASSI,VEICULO,COR,DT FATUR.,CLIENTE,LOCAL - HOJE,MOVIMENTAÇÃO DESTINO,DATA SOLICITADA,DATA ENTREGA,DATA DE FAT.,NF,VENDEDOR,PAGO,OS,RECALL,ACESSÓRIOS,TIPO,,OBS,OBS:
TR003306,20.480,BRANCO,05/03/25,ESTOQUE BELCAR,ANS,,,,,,,,,,,,,,
TR010511,18.320,BRANCO GEADA,19/05/25,ESTOQUE BELCAR,ANS,,,,,,,,,,,,,,
TR016518,26.260,BRANCO,23/06/25,ESTOQUE BELCAR,ANS,,,,,,,,,,,,,FROTA 3484 - 24/06/2025 GOIANIA,
TR201766,28.480,BRANCO GEADA,23/06/25,ESTOQUE BELCAR - 23/06/25,ANS,,,,,,,,,,,,,FROTA 3484 - 24/06/2025 GOIANIA,
SR031614,17.230 OD,CINZA,23/06/25,ESTOQUE BELCAR - MARCOPOLO,ANS,,,,,,,,,,,,,MARCOPOLLO - REVISÃO DE ENTREGA DELES - 08/09 - ENVIADO PARA GABARDO A PEDIDO DO FERNANDO,Recebido em 10/09/2025 Ônibus sem kit ferramenta só apenas extintor está faltando estepe
TR022148,9.180,BRANCO,04/08/25,ESTOQUE BELCAR,ANS,,,,,,,,,,,,,,
TR202403,28.480,AZUL,01/09/25,ESTOQUE BELCAR - 01/09/25,ANS,,,,,,,,,,,,,FROTA 62081 - 02/09 - ANS,
TR014312,18.320,BRANCO GEADA,29/09/25,ESTOQUE BELCAR,ANS,,,,,,,,,,,,,,
TR016053,30.320,BRANCO,03/10/25,ESTOQUE BELCAR - 03/10/25,ANS,,,,,,,,,,,,,DESCEU PRANCHA ERRADO 02/10 - ENVIADO P/ ESVAZIAR O PÁTIO 03/10,
TR018092,31.320,BRANCO,03/10/25,ESTOQUE BELCAR ,ANS,,,,,,,,,,,,,DESCEU PRANCHA ERRADO 02/10 - ENVIADO P/ ESVAZIAR O PÁTIO 03/10,
TR025117,9.180,AZUL BISCAY,06/10/25,ESTOQUE BELCAR,ANS,,,,,,,,,,,,,VIAJEM - 62437 - ANS - 07/10,
TR026704,18.210,BRANCO,06/10/25,ETSOQUE BELCAR,ANS,,,,,,,,,,,,,,
TR012411,18.210,AZUL AMBEV,07/10/25,ESTOQUE BELCAR - BAÚ JRV - 07/10/25,ANS,,,,,,,,,,,,,ENVIADO PARA ESVAZIAR O PÁTIO - 07/10,
TR024329,26.260,CINZA ESCURO,13/10/25,ESTOQUE BELCAR,ANS,,,,,,,,,,,,,,
TR028280,26.320,PRATA PYRIT,16/10/25,ESTOQUE BELCAR - 16/10/25,ANS,,,,,,,,,,,,,,
TR002546,26.320,CINZA MOONSTONE,22/10/25,ESTOQUE BELCAR - 22/10/25,ANS,,,,,,,,,,,,,,
TR028921,9.180,VERMELHO RUBI,10/11/25,ESTOQUE BELCAR,PATIO 1,,01/07/2026,,,,,,,,,,,NF. 707213 - DESTINO: ANÁPOLIS - 07/11 - VIAGEM - 62762 - GO - 11/11,
TR018289,31.320,CINZA,20/11/25,ESTOQUE BELCAR - 20/11/25,ANS,,,,,,,,,,,,,NF. 707752 - DESTINO ANÁPOLIS,
TR019413,26.260,VERMELHO COCA,01/12/25,ESTOQUE BELCAR - CARDAN ADICIONAL,ANS,,,,,,,,,,,,,NF. 709440,
TR202267,28.480,BRANCO GEADA,01/12/25,ETSOQUE BELCAR - 01/12/25,ANS,,,,,,,,,,,,,,
TR010633,9.180,VERMELHO MARTE,02/12/25,ESTOQUE BELCAR,ANS,,,,,,,,,,,,,"02/12 - RETIROU O BAU, SEM IMPLEMENTO",
TR202161,28.480,BRANCO GEADA,03/12/25,ESTOQUE BELCAR - 03/12/25,ANS,,,,,,,,,,,,,NF. 709287 - VIAGEM - 62930 - GO - 05/12,
TR017799,26.260,VERMELHO,04/12/25,ESTOQUE BELCAR - CARDAN ADICIONAL,ANS,,,,,,,,,,,,,VIAGEM - 62931 - GO - 05/12,
TR202303,28.480,BRANCO GEADA,04/12/25,ESTOQUE BELCAR - 04/12/25,ANS,,,,,,,,,,,,,VIAGEM - 62928 - GO - 05/12,
TR202218,28.480,BRANCO GEADA,04/12/25,ESTOQUE BELCAR - 04/12/25,ANS,,,,,,,,,,,,,NF. 709082 - VIAGEM - 62950 - GO - 06/12,
TR202305,28.480,BRANCO GEADA,04/12/25,ESTOQUE BELCAR - 04/12/25,ANS,,,,,,,,,,,,,NF. 709511 - VIAGEM - 62945 - ANS - 06/12,
TR202279,28.480,BRANCO GEADA,04/12/25,ESTOQUE BELCAR - 04/12/25,ANS,,,,,,,,,,,,,NF. 709483 - VIAGEM - 62931 - GO - 05/12 ,
TR023274,20.480,BRANCO GEADA,05/12/25,ESTOQUE BELCAR,ANS,,,,,,,,,,,,,NF. 710134 - VIAGEM - 63032 - RIO VERDE - 16/12,
TR202263,28.480,BRANCO GEADA,08/12/25,ESTOQUE BELCAR - 08/12/25,ANS,,,,,,,,,,,,,NF. 709613 - VIAGEM - 62687 - VARZEA GRANDE MT - 09/12,
TR203002,29.530,BRANCO,08/12/25,ETSOQUE BELCAR - 08/12/25,ANS,,,,,,,,,,,,,,
TR202311,28.480,BRANCO GEADA,15/12/25,ESTOQUE BELCAR - 15/12/25,ANS,,,,,,,,,,,,,NF. 709837 - VIAGEM - 63023 - ANS - 15/12,
TR032540,9.180,BEGE AGATA,29/12/25,ESTOQUE BELCAR,ANS,,,,,,,,,,,,,NF. 711550 - VIAGEM - 63082 - BSB - 26/12,
VR000476,9.180,BRANCO GEADA,16/01/26,ESTOQUE BELCAR,ANS,,,,,,,,,,,,,VIAGEM - 63195 - GO - 18/01/26,
VR000337,14.210,BRANCO,16/01/26,ESTOQUE BELCAR,ANS,,,,,,,,,,,,,NF. 713701 - VIAGEM - 63195 - GO - 18/01/26,
VR000268,26.260,BRANCO,16/01/26,GOLDMAN,ANS,,,,,,,,,,,,,NF. 713660 - VIAGEM - 63195 - GO - 18/01/26,
VR000193,14.210,BRANCO,16/01/26,ESTOQUE BELCAR,ANS,,,,,,,,,,,,,,
VR000666,9.180,AZUL AMBEV,19/01/26,ESTOQUE BELCAR,ANS,,,,,,,,,,,,,VIAGEM - 63211 - GO - 20/01/26,
VR000395,9.180,AZUL NOTURNO,19/01/26,ESTOQUE BELCAR,ANS,,,,,,,,,,,,,VIAGEM - 63215 - ANS - 20/01/26,
VR000091,14.210,BRANCO,19/01/26,ESTOQUE BELCAR,ANS,,,,,,,,,,,,,VIAGEM - 63211 - GO - 20/01/26,
VR000392,14.210,BRANCO,19/01/26,"ESTOQUE BELCAR - BAU FACCHINI 6,80 R$ 48.000,00",ANS,,,,,,,,,,,,,ENVIAMOS PARA LIBERAR ESPAÇO NO PATIO 1,
VR001770,31.320,BRANCO GEADA,26/01/26,ESTOQUE BELCAR - 26/01/2026,ANS,,,,,,,,,,,,,NF. 714263,
VR000085,11.180,BRANCO,26/01/26,ESTOQUE BELCAR,ANS,,,,,,,,,,,,,NF. 713999 - REMESSA 11/05/2026,
VR001857,26.320,BRANCO GEADA,13/02/26,ESTOQUE BELCAR,ANS,,,,,,,,,,,,,NF. 714494 - VIAGEM - 63399 - RIO VERDE - 13/02,
VR002799,11.180,PRATA TUNGSTEN,16/02/26,ESTOQUE BELCAR,ANS,,,,,,,,,,,,,NF. 715808,
VR003003,9.180,VERMELHO RUBI,16/02/26,ESTOQUE BELCAR,ANS,,,,,,,,,,,,,NF. 715809,
VR004420,18.260,BRANCO GEADA,16/02/26,ESTOQUE BELCAR,ANS,,,,,,,,,,,,,NF. 716123,
VR002590,30.320,PRATA TUNGSTEN,16/02/26,ESTOQUE BELCAR,ANS,,,,,,,,,,,,,NF. 716128,
VR003003,9.180,AZUL PARAGAS,20/02/26,ESTOQUE BELCAR,ANS,,,,,,,,,,,,,NF. 716082 - VIAGEM 63468 GO 22/02,
VR003964,30.320,AZUL PARAGAS,24/02/26,ESTOQUE BELCAR,ANS,,,,,,,,,,,,,NF. 717280,
VR005512,25.480,AZUL NOTURNO,24/02/26,ESTOQUE BELCAR,ANS,,,,,,,,,,,,,NF. 717260,
VR002630,26.260,PRATA TUNGSTON,25/02/26,ESTOQUE BELCAR,ANS,,,,,,,,,,,,,NF. 717542 ,
VR002639,30.320,PRATA TUNGTEN,26/02/26,ESTOQUE BELCAR,ANS,,,,,,,,,,,,,FOI COLOCADO NO CHASSI: TR025449 O BAU QUE IA SER COLOCADO NESSE CHASSI - AUTORIZADO GUSTAVO,
VR006171,EXPRESS,BRANCO GEADA,26/02/26,"ESTOQUE BELCAR - BAU FACCHINI 4,20 R$ 28.000,00 ",ANS,,,,,,,,,,,,,,
VR005856,30.320,BRANCO GEADA,28/02/26,ESTOQUE BELCAR,ANS,,,,,,,,,,,,,NF. 718397 - DESTINO ANS,
VR006414,EXPRESS,BRANCO GEADA,04/03/26,"ESTOQUE BELCAR - BAU FACCHINI 4,20 R$ 28.000,00 ",ANS,,,,,,,,,,,,,,
VR203063,29.530,PRATA TUNGSTEN,06/03/26,ESTOQUE BELCAR,ANS,,,,,,,,,,,,,NF. 719098 - 63929 - 17/04 - ANS,
VR004844,26.320,PRATA TUNGSTEN,10/03/26,ESTOQUE BELCAR,ANS,,,,,,,,,,,,,NF. 719363 - VIAGEM - 64043 - 01/05,
VR005357,31.320,BRANCO GEADA,11/03/26,ESTOQUE BELCAR,ANS,,,,,,,,,,,,,NF. 719516 - GABADO RJ,
VR203065,29.530,PRATA TUNGSTEN,46093,ESTOQUE BELCAR,ANS,,,,,,,,,,,,,NF. 719158 - VIAGEM 63775 - 23/03/26 BSB,
VR004971,20.480,PRATA TUNGSTTEN,15/03/26,ESTOQUE BELCAR,ANS,,,,,,,,,,,,,NF. 719831 - VIAGEM - 63817 - RIO VERDE - 03/04/2026,
VR203255,29.530,BRANCO GEADA,23/03/26,ESTOQUE BELCAR,ANS,,,,,,,,,,,,,NF. 720599,
VR006983,30.320,VERMELHO NOBRE,23/03/26,ESTOQUE BELCAR,ANS,,,,,,,,,,,,,NF. 720626,
VR203293,29.530,BRANCO GEADA,31/03/26,ESTOQUE BELCAR,ANS,,,,,,,,,,,,,NF. 722025 - VIAGEM 64011 - 26/04,
VR203353,29.530,BRANCO GEADA,31/03/26,ESTOQUE BELCAR,ANS,,,,,,,,,,,,,NF. 722010 - GABADO RJ,
VR010055,9.180,AZUL,10/04/26,ESTOQUE BELCAR,ANS,,,,,,,,,,,,,PRANCHA,
VR011717,17.210,BRANCO GEADA,14/04/26,ESTOQUE BELCAR,ANS,,,,,,,,,,,,,NF. 723558,
VR010847,20.480,CINZA,15/04/26,ESTOQUE BELCAR,ANS,,,,,,,,,,,,,NF. 723710 - PRANCHA 07/05/2026,
VR012284,14.210,BRANCO GEADA,17/04/26,ESTOQUE BELCAR,ANS,,,,,,,,,,,,,NF. 724092 - VIAGEM - 64162 - 11/05 ANS,
VR011828,26.320,,22/04/26,GOLDMAN,ANS,,,,,,,,,,,,,PRANCHA GABARDO 29/04/26,
VR009698,17.210,,22/04/26,ESTOQUE BELCAR,ANS,,,,,,,,,,,,,PRANCHA GABARDO 29/04/26,
VR011151,11.180,VERDE TURQUESA,30/04/26,ESTOQUE BELCAR,ANS,,,,,,,,,,,,,NF. 725912,
VR014116,9.180,MARROM VANILLA,30/04/26,ESTOQUE BELCAR,ANS,,,,,,,,,,,,,NF. 725920 - VIAGEM - 64162 - 11/05 ANS,
VR009356,18.260,CINZA,02/05/26,ESTOQUE BELCAR,ANS,,,,,,,,,,,,,PRANCHA GABARDO - 04/05/26,
VR009983,25.480,BRONZE TERRA,02/05/26,ESTOQUE BELCAR,ANS,,,,,,,,,,,,,PRANCHA GABARDO - 04/05/26,
TR023127,18.320,BRANCO,1011/25,ESTOQUE BELCAR,ANS,,,,,,,,,,,,,NF. 707214 - VIAGEM - 62761 - GO - 11/11,
TR028158,33.260,BRANCO,,ESTOQUE BELCAR,ANS,,,,,,,,,,,,,PARA ESVAZIAR O PATIO - 06/02/26,
VR003293,30.320,BRANCO GEADA,,ESTOQUE BELCAR,ANS,,,,,,,,,,,,,NF. 716209,
VR003457,9.180,BRANCO GEADA,,ESTOQUE BELCAR,ANS,,,,,,,,,,,,,NF. 715807,
VR003946,30.320,AZUL PARAGAS,,GOLDMAN,ANS,,,,,,,,,,,,,LIBERAR ESPAÇO NO PATIO 1 - 14/04/2026,
SR039282,33.480,BRANCO GEADA,,ESTOQUE BELCAR - 6X4 OFF ROAD,ANS,,,,,,,,361204,,,,,PARA ESVAZIAR O PÁTIO 16/04/2026 - CAPA DA BATERIA QUEBRADA,
VR005344,31.320,BRANCO GEADA,11/03/26,ESTOQUE BELCAR,ANS,,,,,,,,,,,,,NF. 719520 - VIAGEM - 64184 - 15/05/2026,
VR004952,26.320,PRATA TUNGSTEN,28/03/26,ESTOQUE BELCAR,ANS,,,,,,,,,,,,,NF. 721448 - VIAGEM - 64185 - 15/05/2026,
VR012812,14.180,BRANCO GEADA,22/04/26,ESTOQUE BELCAR,ANS,,,,,,,,,,,,,NF. 724261 - VIAGEM - 64185 - 15/05/2026,
VR007013,26.260,BRANCO GEADA,06/04/06,ESTOQUE BELCAR,ANS,,,,,,,,,,,,,NF. 722879 - VIAGEM - 64185 - 15/05/2026,
VR012267,14.210,BRANCO GEADA,24/04/26,ESTOQUE BELCAR,ANS,,,,,,,,,,,,,NF. 724748 - VIAGEM - 64185 - 15/05/2026,
VR012910,14.180,BRANCO GEADA,25/04/26,ESTOQUE BELCAR,ANS,,,,,,,,,,,,,NF. 724937 - VIAGEM - 64185 - 15/05/2026,
VR009101,26.320,BRANCO GEADA,08/04/06,ESTOQUE BELCAR,ANS,,,,,,,,,,,,,NF. 723043 - VIAGEM - 64185 - 15/05/2026,
VR005553,EXPRESS,BRANCO GEADA,,ESTOQUE BELCAR - BAÚ FACCHINI,ANS,,,,,,,,,,,,,,
VR007570,26.260,BRANCO GEADA,31/03/26,ESTOQUE BELCAR,ANS,,,,,,,,,,,,,NF. 722388 - VIAGEM - 64185 - 15/05/2026,
VR000686,9.180,AZUL AMBEV,19/01/26,ESTOQUE BELCAR,ANS,,,,,,,,,,,,,SUPER FRANGO - LAVADO,
VR009669,26.260,BRANCO GEADA,07/04/26,ESTOQUE BELCAR,ANS,,,,,,,,,,,,,NF. 722960 - VIAGEM - 64185 - 15/05/2026,
VR014079,25.480,VERDE ECOVIAS,06/05/26,ESTOQUE BELCAR,ANS,,,,,,,,,,,,,NF. 726464 - GABARDO RJ,
VR203618,29.530,BRANCO GEADA,08/05/26,ESTOQUE BELCAR,ANS,,,,,,,,,,,,,NF. 726763 - GABARDO RJ,
VR203620,29.530,MARROM VANILLA,14/05/26,ESTOQUE BELCAR,ANS,,,,,,,,,,,,,NF. 727195 - GABARDO RJ,
VR203625,29.530,BRANCO GEADA,08/05/26,ESTOQUE BELCAR,ANS,,,,,,,,,,,,,NF. 726764 - GABARDO RJ,
VR005439,EXPRESS,,,ESTOQUE BELCAR,ANS,,,,,,,,,,,,,RETIROU O BAU - ESVAZIAR PATIO,
VR013388,30.320,BRONZE TERRA,06/05/26,ESTOQUE BELCAR,ANS,,,,,,,,,,,,,NF. 726467 - GABARDO RJ,
VR016071,27.320,AZUL UNIQUE ,20/05/26,ESTOQUE BELCAR,ANS,,,,,,,,,,,,,NF. 727950,
VR016592,26.260,BRANCO GEADA,21/05/26,ESTOQUE BELCAR,ANS,,,,,,,,,,,,,NF. 728084,
VR016624,26.260,BRANCO GEADA,21/05/26,ESTOQUE BELCAR,ANS,,,,,,,,,,,,,NF. 728147,
TR032529,9.180,AZUL NOTURNO,LAVADO,ESTOQUE BELCAR - V-TRONIC - HD - BAU PRETO JRV,EXPOSIÇÃO / EVENTO,,,,,,,,,,,,,"R$ 425.000,00 + R$ 40.000,00 BAU",
TR202295,28.480,BRANCO GEADA,04/12/25,ESTOQUE BELCAR - MASCARELLO 33 LUGARES,EXPOSIÇÃO / EVENTO,,,,,,,,,,,,,PARA ADESIVAR BRASIL - PRONTO,
VR009742,17.210,BRANCO,,ESTOQUE BELCAR,FACCHINI,,,,,,,,,,,,,,
VR006516,17.210,BRANCO,12/03/26,ESTOQUE BELCAR,FACCHINI,,,,,,,,,,,,,ANAPOLIS - 12/03/26,
TR029068,11.180,PRATA,,ESTOQUE BELCAR,FACCHINI,,,,,,,,372904,,,,,FACCHINI - 11/11,
VR008690,26.260,BRANCO,27/03/26,ESTOQUE BELCAR ,FACCHINI,,,,,,,,,,,,,63798 - SERTAOZINHO - 02/04/2026,
VR008826,26.260,BRANCO,27/03/26,ESTOQUE BELCAR ,FACCHINI,,,,,,,,,,,,,63798 - SERTAOZINHO - 02/04/2026,
VR010776,11.180 OD,SEM COR,02/04/06,ESTOQUE BELCAR,HOLMES,,,,,,,,,,,,,NF. 722746,
VR011275,26.260,BRANCO GEADA,09/04/26,ESTOQUE BELCAR,HOLMES,,,,,,,,,,,,,NF. 723183 ,
VR011096,26.260,BRANCO GEADA,09/04/26,ESTOQUE BELCAR,HOLMES,,,,,,,,,,,,,NF. 723184,
VR011071,26.260,BRANCO GEADA,09/04/26,ESTOQUE BELCAR,HOLMES,,,,,,,,,,,,,NF. 723185,
VR012233,26.260,BRANCO GEADA,14/04/26,ESTOQUE BELCAR,HOLMES,,,,,,,,,,,,,NF. 723559,
VR013209,31.320,BRANCO GEADA,27/04/26,ESTOQUE BELCAR,HOLMES,,,,,,,,,,,,,NF. 725049,
VR013011,26.260,BRANCO GEADA,30/04/26,ESTOQUE BELCAR,HOLMES,,,,,,,,,,,,,NF. 725911,
VR013034,14.180,BRANCO GEADA,30/04/26,ESTOQUE BELCAR,HOLMES,,,,,,,,,,,,,NF. 725998,
VR014316,26.260,BRANCO GEADA,30/04/26,ESTOQUE BELCAR,HOLMES,,,,,,,,,,,,,NF. 726354,
VR012203,30.320,BRANCO GEADA,12/05/26,ESTOQUE BELCAR,HOLMES,,,,,,,,,,,,,NF. 726829,
VR014743,27.320,BRANCO GEADA,27/05/26,ESTOQUE BELCAR,HOLMES,,,,,,,,,,,,,NF. 729053,
VR013975,30.320,BRONZE NAMIBIA,27/05/26,ESTOQUE BELCAR,HOLMES,,,,,,,,,,,,,NF. 729181,
VR203709,28.480,AZUL PEPSI,28/05/26,ESTOQUE BELCAR,HOLMES,,,,,,,,,,,,,NF. 729292,
VR017466,17.210,BRANCO GEADA,28/05/26,ESTOQUE BELCAR,HOLMES,,,,,,,,,,,,,NF. 729472,
VR017644,26.260,BRANCO GEADA,28/05/26,ESTOQUE BELCAR,HOLMES,,,,,,,,,,,,,NF. 729486,
VR016780,26.260,BRANCO GEADA,28/05/26,ESTOQUE BELCAR,HOLMES,,,,,,,,,,,,,NF. 729464,
VR017611,17.210,BRANCO GEADA,28/05/26,ESTOQUE BELCAR,HOLMES,,,,,,,,,,,,,NF. 729494,
TR026746,17.230 OD,SEM COR,14/10/25,ESTOQUE BELCAR,IMPLEMENTADOR,,,,,,,,,,,,,NF. 704300 - ERECHIM - RS 20/10/25,
VR006549,26.260,VERMELHO NOBRE,10/03/26,GODLMAN,IMPLEMENTADOR,,,,,,,,,,,,,NF. 719473 - GOLDMAN / 08/05,
VR007011,26.320,BRONZE NAMIBIA,12/03/26,GOLDMAN,IMPLEMENTADOR,,,,,,,,,,,,,NF. 719596 - SOLIVAC,
VR006643,26.320,AZUL UNIQUE ,12/03/26,GOLDMAN,IMPLEMENTADOR,,,,,,,,,,,,,NF. 719651 - SOLIVAC,
VR010788,11180 OD,SEM COR,02/04/06,ESTOQUE BELCAR,IMPLEMENTADOR,,,,,,,,,,,,,NF. 722750 - MARCOPOLO - 30/04/2026,
VR011444,17.230,SEM COR,28/04/26,ESTOQUE BELCAR,IMPLEMENTADOR,,,,,,,,,,,,,NF. 725198 - VIAGEM 64180 - 14/05 - ,
VR013922,31.320,CINZA,29/04/26,ESTOQUE BELCAR,IMPLEMENTADOR,,,,,,,,,,,,,NF. 725540 - SÃO CARLOS - SP,
VR010358,11.180 OD,SEM COR,30/03/26,ESTOQUE BELCAR,IMPLEMENTADOR,,,,,,,,,,,,,NF. 721562 - 63999 - 01/05 - CASCAVEL MARCOPOLO,
VR010354,11.180 OD,SEM COR,30/03/26,ESTOQUE BELCAR,IMPLEMENTADOR,,,,,,,,,,,,,NF. 721561 - 64004 - 02/05 - MARCOPOLO ,
VR008417,11.180 OD,SEM COR,17/03/26,ESTOQUE BELCAR,IMPLEMENTADOR,,,,,,,,,,,,,NF. 719940 - CAXIAS DO SUL - RS - 26/03,
VR008421,11.180 OD,SEM COR,17/03/26,ESTOQUE BELCAR,IMPLEMENTADOR,,,,,,,,,,,,,NF. 719941 - CAXIAS DO SUL - RS - 26/03,
VR008769,11.180 OD,SEM COR,18/03/26,ESTOQUE BELCAR,IMPLEMENTADOR,,,,,,,,,,,,,NF. 720238 - CAXIAS DO SUL - RS - 26/03,
VR008801,11.180,SEM COR,18/03/26,ESTOQUE BELCAR,IMPLEMENTADOR,,,,,,,,,,,,,NF. 720237 - CAXIAS DO SUL - RS - 26/03,
VR008755,11.180,SEM COR,18/03/26,ESTOQUE BELCAR,IMPLEMENTADOR,,,,,,,,,,,,,NF. 720240 - CASCAVEL - PR - 26/03,
VR008798,11.180,SEM COR,18/03/26,ESTOQUE BELCAR,IMPLEMENTADOR,,,,,,,,,,,,,NF. 720241 - CASCAVEL - PR - 26/03,
VR008734,11.180,SEM COR,18/03/26,ESTOQUE BELCAR,IMPLEMENTADOR,,,,,,,,,,,,,NF. 720236 - CAXIAS DO SUL - RS - 26/03,
VR004718,17.230,SEM COR,23/03/26,ESTOQUE BELCAR,IMPLEMENTADOR,,,,,,,,,,,,,NF. 720577 - ERECHIM - RS - 01/04,
VR004000,17.230,SEM COR,23/03/26,ESTOQUE BELCAR,IMPLEMENTADOR,,,,,,,,,,,,,NF. 720568 - ERECHIM - RS - 01/04,
VR004540,17.230,SEM COR,23/03/26,ESTOQUE BELCAR,IMPLEMENTADOR,,,,,,,,,,,,,NF. 720567 - ERECHIM - RS - 01/04,
VR004545,17.230,SEM COR,23/03/26,ESTOQUE BELCAR,IMPLEMENTADOR,,,,,,,,,,,,,NF. 720569 - ERECHIM - RS - 01/04,
VR010356,11.180,SEM COR,30/03/26,ESTOQUE BELCAR,IMPLEMENTADOR,,,,,,,,,,,,,NF. 721560 - 63940 - ERECHIM RS - 24/04,
VR008677,26.260,BRANCO,27/03/26,ESTOQUE BELCAR ,IMPLEMENTADOR,,,,,,,,,,,,,63808 - SÃO JOSE DO RIO PRETO - 02/04/26,
VR008756,26.260,BRANCO,30/03/26,ESTOQUE BELCAR ,IMPLEMENTADOR,,,,,,,,,,,,,63820 - SÃO JOSE DO RIO PRETO - 05/04/26,
VR008761,26.260,BRANCO,30/03/26,ESTOQUE BELCAR ,IMPLEMENTADOR,,,,,,,,,,,,,63820 - SÃO JOSE DO RIO PRETO - 05/04/26,
VR003662,17.230 OD,SEM COR,27/02/26,ESTOQUE BELCAR,IMPLEMENTADOR,,,,,,,,,,,,,NF. 718068 - SERVICARGA - SBC - 09/03/26,
VR003665,17.230 OD,SEM COR,27/02/26,ESTOQUE BELCAR,IMPLEMENTADOR,,,,,,,,,,,,,NF. 718064 - SERVICARGA - SBC - 09/03/26,
VR003959,17.230 OD,SEM COR,27/02/26,ESTOQUE BELCAR,IMPLEMENTADOR,,,,,,,,,,,,,NF. 718067 - SERVICARGA - SBC - 09/03/26,
VR003659,17.230 OD,SEM COR,27/02/26,ESTOQUE BELCAR,IMPLEMENTADOR,,,,,,,,,,,,,NF. 718066 - SERVICARGA - SBC - 09/03/26,
VR003702,17.230 OD,SEM COR,27/02/26,ESTOQUE BELCAR,IMPLEMENTADOR,,,,,,,,,,,,,NF. 718065 - SERVICARGA - SBC - 09/03/26,
VR003923,17.230 OD,SEM COR,27/02/26,ESTOQUE BELCAR,IMPLEMENTADOR,,,,,,,,,,,,,NF. 718063 - SERVICARGA - SBC - 09/03/26,
VR005275,26.260,BRANCO,15/03/26,ESTOQUE BELCAR,IMPLEMENTADOR,,,,,,,,,,,,,TRUCKVAN GUARULHOS - 09/03/26,
VR004485,26.260,BRANCO,15/03/26,ESTOQUE BELCAR,IMPLEMENTADOR,,,,,,,,,,,,,TRUCKVAN GUARULHOS - 09/03/26,
VR002754,17.230 OD,SEM COR,,ESTOQUE BELCAR,IMPLEMENTADOR,,,,,,,,,,,,,SERVICARGA - SÃO BERNARDO VIAGEM 63505 - 23/02/26,
VR002295,17.230 OD,SEM COR,,ESTOQUE BELCAR,IMPLEMENTADOR,,,,,,,,,,,,,SERVICARGA - SÃO BERNARDO VIAGEM 63505 - 23/02/26,
VR001925,17.230 OD,SEM COR,,ESTOQUE BELCAR,IMPLEMENTADOR,,,,,,,,,,,,,SERVICARGA - SÃO BERNARDO VIAGEM 63505 - 23/02/26,
TR027739,30.320,VERMELHO,,ROBOCONTROL,IMPLEMENTADOR,,,,,,,,,,,,,ROBOCONTROL - 28/01/2026 VENDEDOR PAULO,
VR001503,26.260,BRANCO GEADA,,ESTOQUE BELCAR,IMPLEMENTADOR,,,,,,,,,,,,,NF. 714428 - FACCHINI SÃO JOSE DO RIO PRETO,
TR024777,17.230 OD,SEM COR,,ESTOQUE BELCAR,IMPLEMENTADOR,,,,,,,,,,,,,NF. 704069 - SERVICARGA - SÃO BERNARDO DO CAMPO,
TR019291,31.320,BRANCO GEADA,,ESTOQUE BELCAR,IMPLEMENTADOR,,,,,,,,,,,,,GRIMALDI IND - SANTO ANTONIO DE POSSE/SP - 28/07 - prancha GABARDO,
VR000756,17.210,BRANCO,,ESTOQUE BELCAR,IMPLEMENTADOR,,,,,,,,,,,,,EMAQ IND - APARECIDA DE GOIANIA GP - PRANCHA GABARDO,
TR007874,11.180,BRANCO GEADA,,ESTOQUE BELCAR,IMPLEMENTADOR,,,,,,,,,,,,,BMB - JULIANA E-MAIL 26/06/2025,
TR018840,26.320,PRATA,,ROBOCONTROL,IMPLEMENTADOR,,,,,,,,,,,,,,
VR010791,11.180 OD,,02/04/26,ESTOQUE BELCAR,IMPLEMENTADOR,,,,,,,,,,,,,COMIL - MARCOPOLLO CAIAS DO SUL RS - 23/04/26,
VR010652,11.180 OD,,02/04/26,ESTOQUE BELCAR,IMPLEMENTADOR,,,,,,,,,,,,,COMIL - MASCARELLO CASCAVEL PR - 22/04/26,
VR010785,11.180 OD,,02/04/26,ESTOQUE BELCAR,IMPLEMENTADOR,,,,,,,,,,,,,COMIL - MARCOPOLLO CAIAS DO SUL RS - 23/04/26,
VR010358,11.180 OD,,02/04/26,ESTOQUE BELCAR,IMPLEMENTADOR,,,,,,,,,,,,,COMIL - MARCOPOLLO CAIAS DO SUL RS - 23/04/26,
VR010779,11.180 OD,,02/04/26,ESTOQUE BELCAR,IMPLEMENTADOR,,,,,,,,,,,,,COMIL - MARCOPOLLO CAIAS DO SUL RS - 23/04/26,
VR010664,11.180 OD,,02/04/26,ESTOQUE BELCAR,IMPLEMENTADOR,,,,,,,,,,,,,COMIL - MASCARELLO CASCAVEL PR - 22/04/26,
VR203586,29.530,VERDE ECOVIAS,12/05/26,ESTOQUE BELCAR,ITUMBIARA,,,,,,,,,,,,,NF. 726826 - VIAGEM - 641201 - 16/05/2026,
VR013054,30.320,AZUL UNIQUE,12/05/26,ESTOQUE BELCAR,ITUMBIARA,,,,,,,,,,,,,NF. 726844 - VIAGEM - 641201 - 16/05/2026,
VR009905,25.480,VERMELHO RUBI,08/04/06,ESTOQUE BELCAR,ITUMBIARA,,,,,,,,,,,,,NF. 723097 - 17/04/2026 - PRANCHA,
VR203040,29.530,AZUL,20/04/26,ESTOQUE BELCAR,ITUMBIARA,,,,,,,,,,,,,PRANCHA GABARDO 20/04,
VR004040,11.180,AZUL PARAGAS,,ESTOQUE BELCAR,ITUMBIARA,,,,,,,,,,,,,NF. 716015 - PRANCHA - 18/02/2026 - EMAIL FABIANO,
VR002511,11.180,VERDE ECOVIAS,,ESTOQUE BELCAR,ITUMBIARA,,,,,,,,,,,,,NF. 715492 - VIAGEM - 63368 - ANS - 07/02,
VR005666,25.480,AZUL NOTURNO,26/02/26,ESTOQUE BELCAR,ITUMBIARA,,,,,,,,,,,,,NF. 717672 - VIAGEM 63680 GO 17/03/26,
TR200278,28.480,VERMELHO DAYTONA,,ESTOQUE BELCAR,ITUMBIARA,,,,,,,,,,,,,NF. 710432 - VIAGEM - 62971 - GO - 08/12,
TR202044,28.480,VERMELHO,,ESTOQUE BELCAR,ITUMBIARA,,,,,,,,,,,,,FROTA 2070 - ITUMBIARA - GOIANIA 01/09,
TR025827,30.320,PRETO UNIVERSAL,,GOLDMAN,ITUMBIARA,,,,,,,,,,,,,PRANCHA GABARDO - 03/10,
TR018377,31.320,BRANCO,,ESTOQUE BELCAR,ITUMBIARA,,,,,,,,,,,,,FROTA 2023 - 05/07 - ANS,
VR009905,25.480,VERMELHO,17/04/26,ESTOQUE BELCAR,ITUMBIARA,,,,,,,,,,,,,PRANCHA GABARDO - 17/04/26,
VR007805,26.260,BRANCO GEADA,31/03/26,ESTOQUE - RESERVA BONO,JRV,,,,,,,,,,,,,NF. 722343 - VIAGEM - 64198 - 15/05/2026,
VR012706,17.210,BRANCO GEADA,30/04/26,ESTOQUE BELCAR,JRV,,,,,,,,,,,,,NF. 726299 - 11/05/2026,
VR013126,17.210,BRANCO GEADA,30/04/26,ESTOQUE BELCAR,JRV,,,,,,,,,,,,,NF. 726203 - 11/05/2026,
VR002091,31.320,BRANCO,,ESTOQUE BELCAR,JRV,,,,,,,,,,,,,JRV - VIAGEM 63470 - GO - 22/02,
VR001950,27.320,BRANCO,,ESTOQUE BELCAR,JRV,,,,,,,,,,,,,JRV - VIAGEM 63470 - GO - 22/02,
TR033018,11.180,BRANCO GEADA,,GUSTAVO - ELIAS,JRV,,,,,,,,,,,,,JRV - VIAGEM - 63139 - GO - 11/01,
TR035363,11.180,BRANCO GEADA,,GUSTAVO - ELIAS,JRV,,,,,,,,,,,,,JRV - VIAGEM - 63139 - GO - 11/01,
TR035287,11.180,BRANCO GEADA,,GUSTAVO - ELIAS,JRV,,,,,,,,,,,,,JRV - VIAGEM - 63139 - GO - 11/01,
TR035382,31.320,BRANCO GEADA,,GUSTAVO - ELIAS,JRV,,,,,,,,,,,,,JRV - VIAGEM - 61369 - ANS - 13/01,
TR033307,26.260,BRANCO GEADA,,GUSTAVO - ELIAS,JRV,,,,,,,,,,,,,JRV - VIAGEM - 61363 - GO - 12/01,
TR013376,26.260,BRANCO GEADA,,GUSTAVO - ELIAS,JRV,,,,,,,,,,,,,JRV - VIAGEM - 61362 - GO - 12/01,
VR000339,31.320,BRANCO,,ESTOQUE BELCAR,JRV,,,,,,,,,,,,,JRV - PRANCHA GABARDO 03/02/2026,
TR033264,26.260,BRANCO GEADA,,GUSTAVO - ELIAS - COLETOR DE LIXO JRV,JRV,,,,,,,,,,,,,JRV - KEILA LEVOU,
TR027079,33.260,BRANCO,,PREFEITURA DE ITAPURANGA,JRV,,,,,,,,,,,,,JRV - GUSTAVO PEDIU 12/02/2026,
VR000447,9.180,BRANCO,,ESTOQUE BELCAR - 19/01/2026,JRV,,,,,,,,,,,,,JRV - 19/02/2026,
TR019173,9.180,BRANCO,,ESTOQUE BELCAR - SIDER JRV,JRV,,,,,,,,372321,,,,,JRV - 18/10/2025 - GUSTAVO PEDIU,
SR037138,11.180,BRANCO GEADA,,RAFAEL,JRV,,,,,,,,,,,,,JRV - 15/07/2025,
SR017606,11.180,VERMELHO RUBI,,ESTOQUE BELCAR - PIPA 7.000,JRV,,,,,,,,,,,,,JRV - 13/01/2026 - GUSTAVO - COLOCAR PIPA,
VR000356,14.210,BRANCO,19/01/26,ESTOQUE BELCAR - JRV CAÇAMBA 6m colocar,JRV,,,,,,,,,,,,,JRV - 06/03/2026 GUSTAVO PEDIU,
SR041799,14.210,BRANCO,,ESTOQUE - CHICOTE CORTADO JRV,JRV,,,,,,,,,,,,,JRV,
TR001595,11.180,BRANCO GEADA,,ESTOQUE BELCAR,JRV,,,,,,,,,,,,,JRV,
SR203214,29.530,BRANCO GEADA,,ESTOQUE BELCAR / CCL / TESTE DRIV,JRV,,,,,,,,353172,,,,,JRV,
SR029454,17.210,BRANCO GEADA,,JRV,JRV,,,,,,,,353918,,,,,JRV,
SR034044,26.260,BRANCO GEADA,,JRV IND E COM DE PECAS LTDA,JRV,,,,,,,,355109,,,,,JRV,
SR006010,9.180,AZUL BISCAY,,ESTOQUE BELCAR - V-TRONIC,JRV,,,,,,,,351364,,,,,JRV,
VR002110,31.320,BRANCO,,ESTOQUE BELCAR,JRV,,,,,,,,,,,,,JRV - PARAMETRIZANDO OFICINA TAINA,
VR001822,31.320,BRANCO,,ESTOQUE BELCAR,JRV,,,,,,,,,,,,,JRV - PARAMETRIZANDO OFICINA TAINA,
TR026601,26.320,BRANCO,,ESTOQUE BELCAR - PRANCHA JRV,JRV,,,,,,,,,,,,,PARAMETRIZAR E GEOMETRIA - JRV - TAINA,
TR014589,18.260,BRANCO,30/06/25,ESTOQUE BELCAR - PRANCHA JRV,JRV,,,,,,,,,,,,,,
VR000415,17.210,BRANCO GEADA,15/01/26,ESTOQUE BELCAR,JRV,,,,,,,,,,,,,COLOCAR BAU JRV - 01/06/2026,
VR001352,27.320,BRANCO,,ESTOQUE BELCAR,PATIO 1,,,,,,,,,,,,,JRV - PRANCHA GABARDO 03/02/2026,
VR010139,14.210,AZUL SAFIRA,22/04/26,ESTOQUE BELCAR,PATIO 1,,,,,,,,,,,,,,
VR006377,14.180,BRANCO GEADA,12/03/26,"ESTOQUE BELCAR - BAU FACCHINI 6,20",PATIO 1,,,,,,,,,,,,,Chicote do chassi e do painel - RICARDO OFICINA,
TR027903,9.180,BRANCO,,ESTOQUE BELCAR - NÃO LEVAR ANS,PATIO 1,,,,,,,,,,,,,retirado a BSG para atender um veículo novo que estava no P2 - RICARDO OFICINA GRUPO,
VR003480,14.180,BRANCO GEADA,,ESTOQUE BELCAR - 04/12/25,PATIO 1,,,,,,,,,,,,,OFICINA - 23B971011GH - CHICOTE ELÉTRICO para colocar no BBT - SUPORTE DA PLACA COLOCAR NO REDE PET RANCOU RODAS (23M945509 e 23M945403) - chicotes e BSG para atender o 1º caminhão da BBT e tiramos o sensor de neutro para atender o caminhão da JMA (Está sem o sensor da marcha que foi usado para atender um ônibus da MOBI),
TR202226,28.480,BRANCO GEADA,LAVADO,ESTOQUE BELCAR,PATIO 1,,,,,,,,,,,,,TIROU PEÇAS (2V1837400A E MAQUINA VIDRO LD PASSAGEIRO) - PRONTO ADESIVOS,
TR003562,9.180,LARANJA NEPAL,,ESTOQUE BELCAR - V-TRONIC,PATIO 2,,,,,,,,374047,,,,,"R$ 390.000,00 - AVARIADO PORTA",
TR004596,18.230,BRANCO,28/04/25,"RESERVA PREFEITURA DE BOM JESUS  - BAÚ FACCHINI 6,80",PATIO 2,,,,,,,,,,,,,VAI SER RETIRADO ESSE BAÚ PARA COLOCAR NO CHASSI: VR010139,
TR031200,9.180 OD,CINZA,,ESTOQUE BELCAR - HIGHLINE,SHOWROOM,,,,,,,,,,,,,"R$ 675.000,00",
VR016077,27.320,AZUL UNIQUE ,20/05/26,ESTOQUE BELCAR,SHOWROOM,,,,,,,,,,,,,NF. 727949,
TR202035,28.480,ROSA,LAVADO,ESTOQUE BELCAR - HIGHLINE - SHOWROOM,SHOWROOM,,,,,,,,377016,,,,,"R$ 765.000,00 + R$ 15.000,00 HD",
TR202266,28.480,BRANCO GEADA,01/12/25,ETSOQUE BELCAR - 01/12/25,SHOWROOM,,,,,,,,,,,,,PARA ADESIVAR BRASIL - PRONTO,
TR202149,28.480,BRANCO GEADA,04/12/25,ESTOQUE BELCAR - ,SHOWROOM,,,,,,,,381604,,,,,PARA ADESIVAR BRASIL - PRONTO,
TR011852,17.230 OD,BRANCO,LAVADO,"ESTOQUE BELCAR - MARCOPOLO R$ 510.000,00",SHOWROOM,,,,,,,,369635,,,,,"R$ 437.629,96 CHASSI",
SR032830,15.210 OD,CINZA,LAVADO,ESTOQUE BELCAR - MASCARELLO URBANO 44 LUGARES,SHOWROOM,,,,,,,,369158,,,,,"R$ 650.000,00",
TR016932,31.320,BRANCO GEADA,LAVADO,"ESTOQUE BELCAR - ROLL ON GRIMALDI R$ 115.000,00 -  CAÇAMBA 26m³ AGRÍCOLA R$ 35.000,00 + R$ 725.000,00",SHOWROOM,,,,,,,,371794,,,,,"R$ 675.000,00 + R$ 150.000,00",
,,,,,,,,,,,,,,,,,,,
,,,,,,,,,,,,,,,,,,,
SUBSTITUIÇÃO DE BAÚS,,,,,,,,,,,,,,,,,,,
VR000392,ESTOQUE BELCAR,,COLOCAR BAU RETIRADO TR021983,,PRONTO,,,,,,,,14.210,,,,,,
TR021983,ESTOQUE BELCAR,,TIRAR BAU COLOCAR VR000392,,PRONTO,,,,,,,,18.210,,,,,,
,,,,,,,,,,,,,,,,,,,
TR025449,ESTOQUE BELCAR,,COLOCAR BAU RETIRADO DO TR023001,,PRONTO,,,,,,,,30.320,,,,,,
TR034761,ESTOQUE BELCAR - SEM BAÚ,,TIRAR BAU COLOCAR TR025449,,PRONTO,,,,,,,,30.320,,,,,,
,,,,,,,,,,,,,,,,,,,
TR004596,"ESTOQUE BELCAR - BAÚ FACCHINI 6,80",,RETIRAR BAÚ - COLOCAR NO CHASSI: VR010139,,,,,,,,,,18.230,,,,,,
VR010139,ESTOQUE BELCAR,,COLOCAR BAÚ - RETIRADO DO CHASSI: TR004596,,,,,,,,,,14.180,,,,,,