,,ESTOQUE ,,,,,,,,,,,,,,,,,,,,
CHASSI,VEICULO,COR,FATUR. fabri.,CLIENTE,STATUS,LOCAL - HOJE,MOVIMENTAÇÃO DESTINO,DATA SOLIC., ENTREGA,DATA DE FAT.,NF,VENDEDOR,PAGO,ACS.,OS,RECALL,VALOR,ACESSÓRIOS / RECALL,TIPO,STATUS,OBS,OBS:
VR000268,26.260,BRANCO,09/01/26,2H TRANSPORTES E LOGISTICA LTDA,ESTOQUE,ANS,REVISAO DE 6 MESES,,,15/06/2026,1044990,JORGE,NÃO,,,NÃO TEM,,,,,NF. 713660 - VIAGEM - 63195 - GO - 18/01/26,
VR016624,26.260,BRANCO GEADA,21/05/26,2H TRANSPORTES E LOGISTICA LTDA,FATURADO,ANS,,,,18/06/2026,1045616,JORGE,NÃO,NÃO,,NÃO TEM,,,,,NF. 728147,
TR030426,9.180,,18/12/2025,A R SOUSA LTDA ,FATURADO,JRV,REVISAO DE 6 MESES,08/06/2026 - jrv,,18/05/2026,1039978,CRISTIANO,PAGO,A,382651,NÃO TEM,CORTESIA,"VINIL, CHINIL E CALHA DE CHUVA - NÃO COLOCAR MOEDA",,,,
VR004040,11.180,AZUL PARAGAS,23/02/26,ABA MED S.A.,FATURADO,ITUMBIARA,,,,26/06/26,1047207,JOSUE,NÃO,,,NÃO TEM,,,,,NF. 716015 - PRANCHA - 18/02/2026 - EMAIL FABIANO,
VR006171,EXPRESS,BRANCO GEADA,26/02/26,ABA MED S.A.,FATURADO,SHOWROOM,,,,29/06/26,1047531,JOSUE,,NÃO,,NÃO TEM,,,,,,
TR026746,17.230 OD,,14/10/25,AGM CAETANO LTDA,FATURADO,FABRICA,REVISAO DE 6 MESES,,,08/01/2026,1023869,DANIELITON,,,,TEM,,Carta DVM AT 001A-26 - Ação de Campo – Atualização do sistema de freio dos ônibus Euro 6 - Parte 1: Troca do reparo da válvula FAM - 1 Item(s),,,,
VR006576,17.230 OD,,02/04/2026,AGM CAETANO LTDA,VENDA DIRETA,FABRICA,,,,31/03/2026,722455,DANIELITON,,,,NÃO TEM,,,,,,
VR008167,17.230 OD,,30/04/2026,AGM CAETANO LTDA,VENDA DIRETA,FABRICA,,,,30/03/2026,721526,DANIELITON,,,,NÃO TEM,,,,,,
VR001925,17.230 OD,,13/02/2026,AGM CAETANO LTDA,VENDA DIRETA,IMPLEMENTADOR,,,,12/02/2026,716453,DANIELITON,,,,NÃO TEM,,,,,,
VR004718,17.230,SEM COR,23/03/26,AGM CAETANO LTDA,FATURADO,IMPLEMENTADOR,,,,11/06/2026,1044499,DANIELITON,,,,NÃO TEM,,,,,NF. 720577 - ERECHIM - RS - 01/04,
VR008177,17.230 OD,,30/04/2026,AGM CAETANO LTDA,VENDA DIRETA,IMPLEMENTADOR,,,,30/03/2026,721523,DANIELITON,,,,NÃO TEM,,,,,63999 - MARCOPOLO PR -29/04,
VR008097,17.230 OD,,30/04/2026,AGM CAETANO LTDA,VENDA DIRETA,IMPLEMENTADOR,,,,30/03/2026,721524,DANIELITON,,,,NÃO TEM,,,,,22/04/26 - COMIL ,
VR007205,17.230 OD,,30/04/2026,AGM CAETANO LTDA,VENDA DIRETA,IMPLEMENTADOR,,,,30/03/2026,721525,DANIELITON,,,,NÃO TEM,,,,,63940 - ERECHIM RS - 22/04,
VR006578,17.230 OD,,30/04/2026,AGM CAETANO LTDA,VENDA DIRETA,IMPLEMENTADOR,,,,31/03/2026,722456,DANIELITON,,,,NÃO TEM,,,,,64000 - COMIL - 30/04 - 23/04/206,
VR007004,17.230 OD,,30/04/2026,AGM CAETANO LTDA,VENDA DIRETA,IMPLEMENTADOR,,,,31/03/2026,722457,DANIELITON,,,,NÃO TEM,,,,,64000 - COMIL - 30/04 - 23/04/206,
VR008698,17.230 OD,,30/04/2026,AGM CAETANO LTDA,VENDA DIRETA,IMPLEMENTADOR,,,,31/03/2026,722453,DANIELITON,,,,NÃO TEM,,,,,64004 - COMIL - 30/04 - 23/04/206,
VR008710,17.230 OD,,30/04/2026,AGM CAETANO LTDA,VENDA DIRETA,IMPLEMENTADOR,,,,31/03/2026,722454,DANIELITON,,,,NÃO TEM,,,,,64004 - COMIL - 30/04 - 23/04/206,
VR003702,17.230 OD,,30/04/2026,AGM CAETANO LTDA,FATURADO,IMPLEMENTADOR,,,,17/04/2026,1035177,DANIELITON,,,,NÃO TEM,,,,,SERVICARGA - 09/03,
VR018494,27.320,CINZA,29/06/26,AMAZONAS LOCACOES DE EQUIPAMENTOS LTDA,FATURADO,FABRICA,,,,29/06/26,733068,ENEIAS,NÃO,,,,,,,,,
VR018515,27.320,CINZA,29/06/26,AMAZONAS LOCACOES DE EQUIPAMENTOS LTDA,FATURADO,FABRICA,,,,29/06/26,732097,ENEIAS,NÃO,,,,,,,,,
9536C8TD3VR003214,26.320,BRANCO GEADA,28/02/2026,ARMAZEM DOS MEDICAMENTOS LTDA,FATURADO,JRV,,JRV - 10/06/2026,,18/05/2026,1040127,ENEIAS,PAGO,NÃO,382653,NÃO TEM,,,,,,
9536B8TD2VR013011,26.260,BRANCO GEADA,30/04/26,BENTO GOMES DA NEVIA,FATURADO,ANS,,,,26/06/26,1047277,CARLOS,NÃO,SIM,,NÃO TEM,"R$ 2.000,00",,,,NF. 725911 - VIAGEM - 64447 - 10/06,
VR007355,27.320,,13/04/26,CACU COM E IND DE ACUCAR E ALCOOL L,VENDA DIRETA,FABRICA,,,,19/03/2026,720297,MARIANA,,,DESTINO,NÃO TEM,,,,,VAI P/ LUBSERT SERTAOZINHO - SP,
VR007776,27.320,,13/04/26,CACU COM E IND DE ACUCAR E ALCOOL L,VENDA DIRETA,FABRICA,,,,19/03/2026,720298,MARIANA,,,DESTINO,NÃO TEM,,,,,VAI P/ LUBSERT SERTAOZINHO - SP,
VR007412,27.320,,13/04/26,CACU COM E IND DE ACUCAR E ALCOOL L,VENDA DIRETA,FABRICA,,,,19/03/2026,720299,MARIANA,,,DESTINO,NÃO TEM,,,,,VAI P/ ITUMBIARA,
VR009379,17.210,,13/04/26,CACU COM E IND DE ACUCAR E ALCOOL L,VENDA DIRETA,FABRICA,,,,23/03/2026,720600,,,,,NÃO TEM,,,,,,
VR007337,27.320,,13/04/26,CACU COM E IND DE ACUCAR E ALCOOL L,VENDA DIRETA,IMPLEMENTADOR,,,,19/03/2026,720296,MARIANA,,,BRANCO,NÃO TEM,,,,,63803 - GO - 05/04/2026,
VR009178,17.210,,13/04/26,CACU COM E IND DE ACUCAR E ALCOOL L,VENDA DIRETA,IMPLEMENTADOR,,,,20/03/2026,720498,MARIANA,,,,NÃO TEM,,,,,LUBESER EQUIP - 25/03,
TR025117,9.180,AZUL BISCAY,23/09/25,CENTRAL LOGISTICA TRANSPORTES LTDA,FATURADO,PATIO 1,REVISÃO 1 ANO,,,22/06/2026,1046101,KRISLEY,,NÃO,,NÃO TEM,,,,,VIAJEM - 62437 - ANS - 07/10,
VR015645,17.210,,,CENTRO OESTE IMPLEMENTOS LTDA,VENDA DIRETA,DESTINO ,,,,25/05/2026,728506,GUSTAVO,PAGO,,,NÃO TEM,,,,,,
VR008975,14.180,,,CENTRO OESTE IMPLEMENTOS LTDA,VENDA DIRETA,EM VIAJEM - GABARDO,,,,14/04/2026,723593,GUSTAVO,,,,NÃO TEM,,,,,,
VR019735,VW 26.320,BRANCO,,CENTRO OESTE IMPLEMENTOS LTDA,VENDA DIRETA,JRV,,PRANCHA GABARDO 25/06,,,,,,,,NÃO TEM,,,,,,
VR019746,VW 26.320,BRANCO,,CENTRO OESTE IMPLEMENTOS LTDA,VENDA DIRETA,JRV,,PRANCHA GABARDO 25/06,,,,GUSTAVO,,,,NÃO TEM,,,,,,
VR019756,VW 26.320,BRANCO,,CENTRO OESTE IMPLEMENTOS LTDA,VENDA DIRETA,JRV,,PRANCHA GABARDO 25/06,,,,GUSTAVO,,,,NÃO TEM,,,,,,
VR009821,EXPRESS,,,CENTRO OESTE IMPLEMENTOS LTDA,VENDA DIRETA,IMPLEMENTADOR,,,,31/03/2026,722477,GUSTAVO,,,,NÃO TEM,,,,,63906 - GO - 14/04,
VR009934,EXPRESS,,,CENTRO OESTE IMPLEMENTOS LTDA,VENDA DIRETA,IMPLEMENTADOR,,,,31/03/2026,722478,GUSTAVO,,,,NÃO TEM,,,,,63908 - GO - 14/04,
VR008486,26.320,,,CENTRO OESTE IMPLEMENTOS LTDA,VENDA DIRETA,IMPLEMENTADOR,,,,31/03/2026,722078,GUSTAVO,,,,NÃO TEM,,,,,63886 - ANS - 11/04/26,
TR201371,28.480,,,CENTRO OESTE IMPLEMENTOS LTDA,FATURADO,IMPLEMENTADOR,,,,22/04/2026,1035615,GUSTAVO,,,,NÃO TEM,,,,,JRV,
SR017606,11.180,,,CENTRO OESTE IMPLEMENTOS LTDA,FATURADO,IMPLEMENTADOR,,,,24/04/2026,1036106,GUSTAVO,,,,NÃO TEM,,,,,JRV,
VR007353,26.320,,,CENTRO OESTE IMPLEMENTOS LTDA,VENDA DIRETA,JRV,,,,09/03/2026,719249,GUSTAVO,,,,NÃO TEM,,,,,VIAGEM 63678 GO 17/03/26,
VR007687,26.320,,,CENTRO OESTE IMPLEMENTOS LTDA,VENDA DIRETA,JRV,,,,10/03/2026,719347,GUSTAVO,,,,NÃO TEM,,,,,PRANCHA 13/03/2026,
VR007188,26.320,,,CENTRO OESTE IMPLEMENTOS LTDA,VENDA DIRETA,JRV,,,,12/03/2026,719582,GUSTAVO,,,,NÃO TEM,,,,,63831 - GP - 04/04 - JRV,
VR008163,26.320,,,CENTRO OESTE IMPLEMENTOS LTDA,VENDA DIRETA,JRV,,,,16/03/2026,719837,GUSTAVO,,,,NÃO TEM,,,,,63848 - GO - 05/04,
VR009147,17.210,,,CENTRO OESTE IMPLEMENTOS LTDA,VENDA DIRETA,JRV,,,,20/03/2026,720433,GUSTAVO,,,,NÃO TEM,,,,,63848 - GO - 05/04,
VR007960,14.180,,,CENTRO OESTE IMPLEMENTOS LTDA,VENDA DIRETA,JRV,,,,31/03/2026,722128,GUSTAVO,,,,NÃO TEM,,,,,PRANCHA - 13/04/2026,
VR009645,17.210,,,CENTRO OESTE IMPLEMENTOS LTDA,VENDA DIRETA,JRV,,,,31/03/2026,722076,GUSTAVO,,,,NÃO TEM,,,,,PRANCHA - 10/04/2026,
VR009538,17.210,,,CENTRO OESTE IMPLEMENTOS LTDA,VENDA DIRETA,JRV,,,,31/03/2026,722077,GUSTAVO,,,,NÃO TEM,,,,,PRANCHA - 10/04/2026,
VR009894,9.180,,,CENTRO OESTE IMPLEMENTOS LTDA,VENDA DIRETA,JRV,,,,31/03/2026,722090,GUSTAVO,PAGO,,382195,NÃO TEM,,,,,,
VR008299,9.180,,,CENTRO OESTE IMPLEMENTOS LTDA,VENDA DIRETA,JRV,,,,31/03/2026,722127,GUSTAVO,,,,NÃO TEM,,,,,JRV,
VR010893,27.320,,,CENTRO OESTE IMPLEMENTOS LTDA,VENDA DIRETA,JRV,,,,14/04/2026,723577,GUSTAVO,,,,NÃO TEM,,,,,29/04/2026 - PRANCHA,
VR009662,14.180,,,CENTRO OESTE IMPLEMENTOS LTDA,VENDA DIRETA,JRV,,,,14/04/2026,723592,GUSTAVO,,,,NÃO TEM,,,,,29/04/2026 - PRANCHA,
VR010873,27.320,,,CENTRO OESTE IMPLEMENTOS LTDA,VENDA DIRETA,JRV,,,,14/04/2026,723576,GUSTAVO,,,,NÃO TEM,,,,,29/04/2026 - PRANCHA,
VR010166,26.260,,,CENTRO OESTE IMPLEMENTOS LTDA,VENDA DIRETA,JRV,,,,15/04/2026,723711,GUSTAVO,,,,NÃO TEM,,,,,29/04/2026 - PRANCHA,
VR012617,18.260,,,CENTRO OESTE IMPLEMENTOS LTDA,VENDA DIRETA,JRV,,,,22/04/2026,724473,GUSTAVO,,,,NÃO TEM,,,,,64138 - 09/05/206,
VR012559,26.260,,,CENTRO OESTE IMPLEMENTOS LTDA,VENDA DIRETA,JRV,,,,24/04/2026,724776,GUSTAVO,,,,NÃO TEM,,,,,64098 - 06/05/2026,
VR013355,26.320,,,CENTRO OESTE IMPLEMENTOS LTDA,VENDA DIRETA,JRV,,,,27/04/2026,725034,GUSTAVO,,,,NÃO TEM,,,,,,
VR013181,14.180,,,CENTRO OESTE IMPLEMENTOS LTDA,VENDA DIRETA,JRV,,,,29/04/2026,725343,GUSTAVO,,,,NÃO TEM,,,,,JRV - 07/05/2026,
VR014696,26.320,,,CENTRO OESTE IMPLEMENTOS LTDA,VENDA DIRETA,JRV,,,,11/05/2026,726845,GUSTAVO,,,,NÃO TEM,,,,,PRANCHA 15/05/26,
VR014589,14.180,,,CENTRO OESTE IMPLEMENTOS LTDA,VENDA DIRETA,JRV,,,,20/05/2026,727819,GUSTAVO,PAGO,,,NÃO TEM,,,,,PRANCHA - 25/05,
VR015786,31.320,,,CENTRO OESTE IMPLEMENTOS LTDA,VENDA DIRETA,JRV,,,,20/05/2026,727933,GUSTAVO,PAGO,,,NÃO TEM,,,,,PRANCHA - 25/05,
VR016433,31.320,,,CENTRO OESTE IMPLEMENTOS LTDA,VENDA DIRETA,JRV,,,,20/05/2026,727932,GUSTAVO,PAGO,,,NÃO TEM,,,,,PRANCHA - 25/05,
VR013293,9.180,,,CENTRO OESTE IMPLEMENTOS LTDA,VENDA DIRETA,JRV,,,,25/05/2026,728624,GUSTAVO,PAGO,,,NÃO TEM,,,,,PRANCHA - 30/05,
VR015619,17.210,,,CENTRO OESTE IMPLEMENTOS LTDA,VENDA DIRETA,JRV,,,,25/05/2026,728504,GUSTAVO,PAGO,,,NÃO TEM,,,,,PRANCHA - 30/05,
VR015540,17.210,,,CENTRO OESTE IMPLEMENTOS LTDA,VENDA DIRETA,JRV,,,,25/05/2026,728507,GUSTAVO,PAGO,,,NÃO TEM,,,,,PRANCHA - 30/05,
VR015645,17.210,,,CENTRO OESTE IMPLEMENTOS LTDA,VENDA DIRETA,JRV,,,,25/05/2026,728506,GUSTAVO,PAGO,,,NÃO TEM,,,,,PRANCHA - 30/05,
VR015661,17.210,,,CENTRO OESTE IMPLEMENTOS LTDA,VENDA DIRETA,JRV,,,,25/05/2026,728505,GUSTAVO,PAGO,,,NÃO TEM,,,,,PRANCHA - 30/05,
VR012908,14.210,,,CENTRO OESTE IMPLEMENTOS LTDA,FATURADO,JRV,,,,29/05/2062,1042287,GUSTAVO,PAGO,,,NÃO TEM,,,,,NF. 726207 - VIAGEM - 64185 - 30/05/2026,
VR013018,26.260,,,CENTRO OESTE IMPLEMENTOS LTDA,VENDA DIRETA,JRV,,,,29/04/2026,725341,GUSTAVO,,,,NÃO TEM,,,,,PRANCHA - 11/05,
VR010166,26.260,,,CENTRO OESTE IMPLEMENTOS LTDA,VENDA DIRETA,JRV,,,,15/04/2026,723711,GUSTAVO,,,,NÃO TEM,,,,,,
VR007834,26.320,,,CENTRO OESTE IMPLEMENTOS LTDA,VENDA DIRETA,JRV,,,,16/03/2026,719836,GUSTAVO,PAGO,NÃO,381021,NÃO TEM,,,,,,
VR007322,26.260,,,CENTRO OESTE IMPLEMENTOS LTDA,VENDA DIRETA,JRV,,,,13/04/2026,723328,GUSTAVO,PAGO,NÃO,382832,NÃO TEM,,,,,29/04/2026 - PRANCHA,
VR014875,26.260,,,CENTRO OESTE IMPLEMENTOS LTDA,VENDA DIRETA,JRV,,,,07/05/2026,726659,GUSTAVO,PAGO,,,NÃO TEM,,,,,PRANCHA 14/05/26,
VR007587,26.320,,,CENTRO OESTE IMPLEMENTOS LTDA - AVARIADO PRANCHA GABARDO,VENDA DIRETA,JRV,,,,09/03/2026,719248,GUSTAVO,PAGO,NÃO,381022,NÃO TEM,,,,,,
VR009344,17.210,BRANCO GEADA,,COMPANHIA DE DESENVOLVIMENTO DOS VALES DO SAO FRANCISCO E DO,FATURADO,PATIO 2,AGENDADO,,,24/06/2026,1046611,WALERIA,,NÃO,383609,NÃO TEM,,,,,JRV,
VR013126,17.210,BRANCO GEADA,30/04/26,COMPANHIA DE DESENVOLVIMENTO DOS VALES DO SAO FRANCISCO E DO,FATURADO,PATIO 2,AGENDADO,,,24/06/2026,1046609,WALERIA,PAGO,NÃO,383766,NÃO TEM,,,,,NF. 726203 - 11/05/2026,
VR009698,17.210,BRANCO GEADA,22/04/26,COMPANHIA DE DESENVOLVIMENTO DOS VALES DO SAO FRANCISCO E DO,ESTOQUE,PATIO 2,AGENDADO,,,29/06/26,1047056,WALERIA,,,,NÃO TEM,,,,,PRANCHA GABARDO 29/04/26,
TR002546,26.320,,23/06/25,CONSORCIO CUIDANDO DE GOIANIA,FATURADO,IMPLEMENTADOR,REVISÃO 1 ANO,,,29/01/2026,1021813,PAULO,,,365078,NÃO TEM,,,,,SOLIVAC - 04/02/26 - PRANCHA GABARDO,
TR024329,26.320,,14/10/25,CONSORCIO CUIDANDO DE GOIANIA,FATURADO,IMPLEMENTADOR,REVISAO DE 6 MESES,,,29/01/2026,1021819,PAULO,,,,NÃO TEM,,,,,SOLIVAC - 04/02/26 - PRANCHA GABARDO,
TR028280,26.320,,14/10/25,CONSORCIO CUIDANDO DE GOIANIA,FATURADO,IMPLEMENTADOR,REVISAO DE 6 MESES,,,29/01/2026,1021814,PAULO,,,,NÃO TEM,,,,,SOLIVAC - 04/02/26 - PRANCHA GABARDO,
TR023650,26.320,,14/10/25,CONSORCIO CUIDANDO DE GOIANIA,FATURADO,IMPLEMENTADOR,REVISAO DE 6 MESES,,,29/01/2026,1021809,PAULO,,,376512,NÃO TEM,,,,,SOLIVAC - 04/02/26 - PRANCHA GABARDO,
VR009703,17.210,,02/04/26,CONSORCIO MINEIRO,FATURADO,JRV,,,,31/03/2026,1040465,GUSTAVO,PAGO,,,NÃO TEM,,,,,JRV,
TR001195,27.260,,20/02/25,CONSTRUTORA CENTRO LESTE S/A,VENDA DIRETA,IMPLEMENTADOR,REVISÃO 1 ANO,,,06/02/2026,677884,RUI,,,,NÃO TEM,,,,,CLIENTE,
TR001390,27.260,,20/02/25,CONSTRUTORA CENTRO LESTE S/A,VENDA DIRETA,IMPLEMENTADOR,REVISÃO 1 ANO,,,06/02/2026,677891,RUI,,,,NÃO TEM,,,,,CLIENTE,
TR001024,27.260,,20/02/25,CONSTRUTORA CENTRO LESTE S/A,VENDA DIRETA,IMPLEMENTADOR,REVISÃO 1 ANO,,,06/02/2026,677887,RUI,,,,NÃO TEM,,,,,CLIENTE,
TR001235,27.260,,20/02/25,CONSTRUTORA CENTRO LESTE S/A,VENDA DIRETA,IMPLEMENTADOR,REVISÃO 1 ANO,,,06/02/2026,677886,RUI,,,,NÃO TEM,,,,,CLIENTE,
TR000988,27.260,,20/02/25,CONSTRUTORA CENTRO LESTE S/A,VENDA DIRETA,IMPLEMENTADOR,REVISÃO 1 ANO,,,06/02/2026,677885,RUI,,,,NÃO TEM,,,,,CLIENTE,
TR001386,27.260,,20/02/25,CONSTRUTORA CENTRO LESTE S/A,VENDA DIRETA,IMPLEMENTADOR,REVISÃO 1 ANO,,,06/02/2026,677890,RUI,,,,NÃO TEM,,,,,CLIENTE,
TR001612,27.260,,20/02/25,CONSTRUTORA CENTRO LESTE S/A,VENDA DIRETA,IMPLEMENTADOR,REVISÃO 1 ANO,,,06/02/2026,677890,RUI,,,,NÃO TEM,,,,,CLIENTE,
TR001775,27.260,,23/04/26,CONSTRUTORA CENTRO LESTE S/A,VENDA DIRETA,IMPLEMENTADOR,,,,06/02/2026,677888,RUI,,,,NÃO TEM,,,,,CLIENTE,
VR203255,29.530,BRANCO GEADA,23/03/26,CONSTRUTORA PERFIL LTDA,FATURADO,PATIO 1,AGENDADO,,,29/06/26,1047513,RUI,PAGO,OK,383767,NÃO TEM,"R$ 2.000,00","TAPETE, CHINIL, SOPRADOR, INSULFILME E CALHA DE CHUVA",,,NF. 720599,
TR202161,28.480,BRANCO GEADA,03/12/25,COOPERATIVA AGROPEC MISTA DE PIRACANJUBA - COAPIL,FATURADO,ANS,REVISAO DE 6 MESES,,,24/04/26,1046579,LUIZ CLAUDIO,NÃO,SIM,,NÃO TEM,"R$ 3.000,00",,,,NF. 709287 - VIAGEM - 62930 - GO - 05/12,
TR025026,33.260,,14/10/25,COOPERMIX CONCRETOS LTDA,FATURADO,IMPLEMENTADOR,REVISAO DE 6 MESES,,,31/03/2026,1032247,ENEIAS,PAGO,,,NÃO TEM,,,,,PRANCHA GABARDO LEVOU - 29/04/2026,
TR028140,33.260,,29/10/26,COOPERMIX CONCRETOS LTDA,FATURADO,IMPLEMENTADOR,REVISAO DE 6 MESES,,,31/03/2026,1032250,ENEIAS,PAGO,,,NÃO TEM,,,,,PRANCHA GABARDO LEVOU - 29/04/2026,
TR019683,30.320,,01/10/25,CRISTAL ALIMENTOS LTDA,FATURADO,JRV,REVISAO DE 6 MESES,,,25/05/2026,1041212,LUIZ CARLOS,PAGO,,,NÃO TEM,,,,,,
VR000084,17.210,,03/02/26,DUO GELATTO INDUSTRIA DE SORVETES LTDA - Ñ PG,FATURADO,ANS,,,,29/05/2026,1042170,DOUGLAS,NÃO,,,NÃO TEM,,,,,,
VR010697,EXPRESS,,04/05/26,E M TRANSFORMADORES E MOTORES ELETRICOS LTDA,FATURADO,PATIO 2,AGENDADO,,,29/05/2026,1042154,LAILA,PAGO,NÃO,382654,NÃO TEM,,,,,VAI P/JRV,
VR019426,20.480,AZUL NOTURNO,19/06/26,ECOPLAST INDUSTRIA E COMERCIO DE PVC LTDA,FATURADO,ITUMBIARA,,,,24/06/26,1046569,MARIANA,PAGO,,,NÃO TEM,,NF. 731719,,,,
TR028921,9.180,VERMELHO RUBI,31/10/25,ESTEVES & PIRES LTDA,FATURADO,JRV,REVISAO DE 6 MESES,JRV - 26/06/26,,22/06/2026,1046146,JORGE,PAGO,SIM,,NÃO TEM,"R$ 10.000,00","383594 - DEFLETOR, VINIL, MOEDA, INSULFILME, CALHA DE CHUVA, MANGUEIRA DE SOPRAR E CHINIL",,,NF. 707213 - DESTINO: ANÁPOLIS - 07/11 - VIAGEM - 62762 - GO - 11/11,
TR003306,20.480,BRANCO,05/03/25,ESTOQUE BELCAR,ESTOQUE,ANS,REVISÃO 1 ANO,,,,,,,,,REALIZADA,,,,,,
TR016518,26.260,BRANCO,23/06/25,ESTOQUE BELCAR,ESTOQUE,ANS,REVISÃO 1 ANO,,,,,,,,,NÃO TEM,,,,,FROTA 3484 - 24/06/2025 GOIANIA,
TR022148,9.180,BRANCO,04/08/25,ESTOQUE BELCAR,ESTOQUE,ANS,REVISÃO 1 ANO,,,,,,,,,NÃO TEM,,,,,,
TR027394,32.380,BRANCO GEADA,22/09/25,ESTOQUE BELCAR,ESTOQUE,ANS,REVISÃO 1 ANO,,,,,,,,,TEM,,,,,,
TR028158,33.260,BRANCO GEADA,30/09/25,ESTOQUE BELCAR,ESTOQUE,ANS,REVISAO DE 6 MESES,,,,,,,,,NÃO TEM,,,,,PARA ESVAZIAR O PATIO - 06/02/26,
TR024329,26.260,CINZA ESCURO,13/10/25,ESTOQUE BELCAR,ESTOQUE,ANS,REVISAO DE 6 MESES,,,,,,,,,NÃO TEM,,,,,,
TR202279,28.480,BRANCO GEADA,27/11/25,ESTOQUE BELCAR,ESTOQUE,ANS,REVISAO DE 6 MESES,,,,,,,,,NÃO TEM,,,,,PARA ADESIVAR BRASIL - COLOCAR,
TR023274,20.480,BRANCO GEADA,05/12/25,ESTOQUE BELCAR,ESTOQUE,ANS,REVISAO DE 6 MESES,,,,,,,,,NÃO TEM,,,,,NF. 710134 - VIAGEM - 63032 - RIO VERDE - 16/12,
VR000476,9.180,BRANCO GEADA,09/01/26,ESTOQUE BELCAR,ESTOQUE,ANS,REVISAO DE 6 MESES,,,,,,,,,NÃO TEM,,,,,VIAGEM - 63195 - GO - 18/01/26,
VR000337,14.210,BRANCO,09/01/26,ESTOQUE BELCAR,ESTOQUE,ANS,REVISAO DE 6 MESES,,,,,,,,,NÃO TEM,,,,,NF. 713701 - VIAGEM - 63195 - GO - 18/01/26,
VR000193,14.210,BRANCO,09/01/26,ESTOQUE BELCAR,ESTOQUE,ANS,REVISAO DE 6 MESES,,,,,,,,,NÃO TEM,,,,,,
VR000395,9.180,AZUL NOTURNO,09/01/26,ESTOQUE BELCAR,ESTOQUE,ANS,REVISAO DE 6 MESES,,,,,,,,,NÃO TEM,,,,,VIAGEM - 63215 - ANS - 20/01/26,
VR000666,9.180,AZUL AMBEV,12/01/26,ESTOQUE BELCAR,ESTOQUE,ANS,REVISAO DE 6 MESES,,,,,,,,,NÃO TEM,,,,,VIAGEM - 63211 - GO - 20/01/26,
VR000091,14.210,BRANCO,12/01/26,ESTOQUE BELCAR,ESTOQUE,ANS,REVISAO DE 6 MESES,,,,,,,,,NÃO TEM,,,,,VIAGEM - 63211 - GO - 20/01/26,
VR000686,9.180,AZUL AMBEV,12/01/26,ESTOQUE BELCAR,ESTOQUE,ANS,REVISAO DE 6 MESES,,,,,,,,,NÃO TEM,,,,,SUPER FRANGO - LAVADO,
VR000085,11.180,BRANCO,15/01/26,ESTOQUE BELCAR,ESTOQUE,ANS,REVISAO DE 6 MESES,,,,,,,,,NÃO TEM,,,,,NF. 713999 - REMESSA 11/05/2026,
VR001857,26.320,BRANCO GEADA,22/01/26,ESTOQUE BELCAR,ESTOQUE,ANS,REVISAO DE 6 MESES,,,,,,,,,NÃO TEM,,,,,NF. 714494 - VIAGEM - 63399 - RIO VERDE - 13/02,
VR002799,11.180,PRATA TUNGSTEN,30/01/26,ESTOQUE BELCAR,ESTOQUE,ANS,REVISAO DE 6 MESES,,,,,,,,,NÃO TEM,,,,,NF. 715808,
VR003003,9.180,AZUL PARAGAS,30/01/26,ESTOQUE BELCAR,ESTOQUE,ANS,REVISAO DE 6 MESES,,,,,,,,,NÃO TEM,,,,,NF. 716082 - VIAGEM 63468 GO 22/02,
VR003457,9.180,BRANCO GEADA,30/01/26,ESTOQUE BELCAR,ESTOQUE,ANS,REVISAO DE 6 MESES,,,,,,,,,NÃO TEM,,,,,NF. 715807,
VR004420,18.260,BRANCO GEADA,16/02/26,ESTOQUE BELCAR,ESTOQUE,ANS,,,,,,,,,,NÃO TEM,,,,,NF. 716123,
VR003964,30.320,AZUL PARAGAS,24/02/26,ESTOQUE BELCAR,ESTOQUE,ANS,,,,,,,,,,NÃO TEM,,,,,NF. 717280,
VR002630,26.260,PRATA TUNGSTON,25/02/26,ESTOQUE BELCAR,ESTOQUE,ANS,,,,,,,,,,NÃO TEM,,,,,NF. 717542 ,
VR002639,30.320,PRATA TUNGTEN,26/02/26,ESTOQUE BELCAR,ESTOQUE,ANS,,,,,,,,,,TEM,,Carta DVM AT 010-26 - Ação de Campo - Substituição do elemento do filtro de ar do motor - Constellation - 1 Item(s),,,,
VR203063,29.530,PRATA TUNGSTEN,06/03/26,ESTOQUE BELCAR,ESTOQUE,ANS,,,,,,,,,,NÃO TEM,,,,,NF. 719098 - 63929 - 17/04 - ANS,
VR004844,26.320,PRATA TUNGSTEN,10/03/26,ESTOQUE BELCAR,ESTOQUE,ANS,,,,,,,,,,TEM,,Carta DVM AT 010-26 - Ação de Campo - Substituição do elemento do filtro de ar do motor - Constellation - 1 Item(s),,,NF. 719363 - VIAGEM - 64043 - 01/05,
VR005439,EXPRESS,CINZA COSMOS,10/03/26,ESTOQUE BELCAR,ESTOQUE,ANS,,,,,,,,,,NÃO TEM,,,,,RETIROU O BAU - ESVAZIAR PATIO,
VR005357,31.320,BRANCO GEADA,11/03/26,ESTOQUE BELCAR,ESTOQUE,ANS,,,,,,,,,,TEM,,Carta DVM AT 010-26 - Ação de Campo - Substituição do elemento do filtro de ar do motor - Constellation - 1 Item(s),,,NF. 719516 - GABADO RJ,
VR005344,31.320,BRANCO GEADA,11/03/26,ESTOQUE BELCAR,ESTOQUE,ANS,,,,,,,,,,TEM,,Carta DVM AT 010-26 - Ação de Campo - Substituição do elemento do filtro de ar do motor - Constellation - 1 Item(s),,,NF. 719520 - VIAGEM - 64184 - 15/05/2026,
VR203065,29.530,PRATA TUNGSTEN,12/03/26,ESTOQUE BELCAR,ESTOQUE,ANS,,,,,,,,,,NÃO TEM,,,,,NF. 719158 - VIAGEM 63775 - 23/03/26 BSB,
VR004971,20.480,PRATA TUNGSTTEN,15/03/26,ESTOQUE BELCAR,ESTOQUE,ANS,,,,,,,,,,NÃO TEM,,,,,NF. 719831 - VIAGEM - 63817 - RIO VERDE - 03/04/2026,
VR008798,11.180 OD,SEM COR,18/03/26,ESTOQUE BELCAR,ESTOQUE,ANS,,,,,,,,,,NÃO TEM,,,,,NF. 720241 - CASCAVEL - PR - 26/03,
VR008755,11.180 OD,SEM COR,18/03/26,ESTOQUE BELCAR,ESTOQUE,ANS,,,,,,,,,,NÃO TEM,,,,,NF. 720240 - CASCAVEL - PR - 26/03,
VR004952,26.320,PRATA TUNGSTEN,28/03/26,ESTOQUE BELCAR,ESTOQUE,ANS,,,,,,,,,,TEM,,Carta DVM AT 010-26 - Ação de Campo - Substituição do elemento do filtro de ar do motor - Constellation - 1 Item(s),,,NF. 721448 - VIAGEM - 64185 - 15/05/2026,
9539K8TJ9VR203293,29.530,BRANCO GEADA,31/03/26,ESTOQUE BELCAR,ESTOQUE,ANS,,,,,,,,,,NÃO TEM,,,,,NF. 722025 - VIAGEM 64011 - 26/04,
VR203353,29.530,BRANCO GEADA,31/03/26,ESTOQUE BELCAR,ESTOQUE,ANS,,,,,,,,,,NÃO TEM,,,,,NF. 722010 - GABADO RJ,
VR010664,11.180 OD,,02/04/26,ESTOQUE BELCAR,ESTOQUE,ANS,,,,,,,,,,NÃO TEM,,,,,COMIL - MASCARELLO CASCAVEL PR - 22/04/26,
953AD6TF0VR010652,11.180 OD,,02/04/26,ESTOQUE BELCAR,ESTOQUE,ANS,,,,,,,,,,NÃO TEM,,,,,COMIL - MASCARELLO CASCAVEL PR - 22/04/26,
VR009101,26.320,BRANCO GEADA,08/04/26,ESTOQUE BELCAR,ESTOQUE,ANS,,,,,,,,,,NÃO TEM,,,,,NF. 723043 - VIAGEM - 64185 - 15/05/2026,
VR010055,9.180,AZUL,10/04/26,ESTOQUE BELCAR,ESTOQUE,ANS,,,,,,,,,,NÃO TEM,,,,,PRANCHA,
VR011717,17.210,BRANCO GEADA,14/04/26,ESTOQUE BELCAR,ESTOQUE,ANS,,,,,,,,,,NÃO TEM,,,,,NF. 723558,
VR010847,20.480,CINZA,15/04/26,ESTOQUE BELCAR,ESTOQUE,ANS,,,,,,,,,,NÃO TEM,,,,,NF. 723710 - PRANCHA 07/05/2026,
VR012284,14.210,BRANCO GEADA,17/04/26,ESTOQUE BELCAR,ESTOQUE,ANS,,,,,,,,,,NÃO TEM,,,,,NF. 724092 - VIAGEM - 64162 - 11/05 ANS,
VR012812,14.180,BRANCO GEADA,22/04/26,ESTOQUE BELCAR,ESTOQUE,ANS,,,,,,,,,,NÃO TEM,,,,,NF. 724261 - VIAGEM - 64185 - 15/05/2026,
VR012267,14.210,BRANCO GEADA,24/04/26,ESTOQUE BELCAR,ESTOQUE,ANS,,,,,,,,,,NÃO TEM,,,,,NF. 724748 - VIAGEM - 64185 - 15/05/2026,
VR012910,14.180,BRANCO GEADA,25/04/26,ESTOQUE BELCAR,ESTOQUE,ANS,,,,,,,,,,NÃO TEM,,,,,NF. 724937 - VIAGEM - 64185 - 15/05/2026,
VR011151,11.180,VERDE TURQUESA,30/04/26,ESTOQUE BELCAR,ESTOQUE,ANS,,,,,,,,,,NÃO TEM,,,,,NF. 725912,
VR014116,9.180,MARROM VANILLA,30/04/26,ESTOQUE BELCAR,ESTOQUE,ANS,,,,,,,,,,NÃO TEM,,,,,NF. 725920 - VIAGEM - 64162 - 11/05 ANS,
VR009356,18.260,CINZA,02/05/26,ESTOQUE BELCAR,ESTOQUE,ANS,,,,,,,,,,NÃO TEM,,,,,PRANCHA GABARDO - 04/05/26,
VR009983,25.480,BRONZE TERRA,02/05/26,ESTOQUE BELCAR,ESTOQUE,ANS,,,,,,,,,,NÃO TEM,,,,,PRANCHA GABARDO - 04/05/26,
VR014079,25.480,VERDE ECOVIAS,06/05/26,ESTOQUE BELCAR,ESTOQUE,ANS,,,,,,,,,,NÃO TEM,,,,,NF. 726464 - GABARDO RJ,
VR013388,30.320,BRONZE TERRA,06/05/26,ESTOQUE BELCAR,ESTOQUE,ANS,,,,,,,,,,NÃO TEM,,,,,NF. 726467 - GABARDO RJ,
VR203618,29.530,BRANCO GEADA,08/05/26,ESTOQUE BELCAR,ESTOQUE,ANS,,,,,,,,,,NÃO TEM,,,,,NF. 726763 - GABARDO RJ,
VR203625,29.530,BRANCO GEADA,08/05/26,ESTOQUE BELCAR,ESTOQUE,ANS,,,,,,,,,,NÃO TEM,,,,,NF. 726764 - GABARDO RJ,
VR016592,26.260,BRANCO GEADA,21/05/26,ESTOQUE BELCAR,ESTOQUE,ANS,,,,,,,,,,NÃO TEM,,,,,NF. 728084,
9536B8TD6VR017644,26.260,BRANCO GEADA,28/05/26,ESTOQUE BELCAR,ESTOQUE,ANS,,01/06/2026,,,,,,,,NÃO TEM,,,,,NF. 729486,
9536B8TD9VR016780,26.260,BRANCO GEADA,28/05/26,ESTOQUE BELCAR,ESTOQUE,ANS,,01/06/2026,15/06/2026,,,,,,,NÃO TEM,,,,,NF. 729464,
9536B8TD5VR017067,26.260,BRANCO GEADA,03/06/26,ESTOQUE BELCAR,ESTOQUE,ANS,,,,,,,,,,NÃO TEM,,,,,NF. 730417,
953678TG7VR017941,17.210,BRANCO GEADA,03/06/26,ESTOQUE BELCAR,ESTOQUE,ANS,,,,,,,,,,NÃO TEM,,,,,NF. 730413,
9535E6TB8VR018008,9.180,CINZA,03/06/26,ESTOQUE BELCAR,ESTOQUE,ANS,,,,,,,,,,NÃO TEM,,,,,NF. 730408,
9536C8TL1VR017992,31.320,CINZA,03/06/26,ESTOQUE BELCAR,ESTOQUE,ANS,,,,,,,,,,NÃO TEM,,,,,NF. 730411,
953678TG4VR017783,17.210,BRANCO GEADA,03/06/26,ESTOQUE BELCAR,ESTOQUE,ANS,,,,,,,,,,NÃO TEM,,,,,NF. 730409,
9536C8TD3VR017078,30.320,VERDE OCEANO,03/06/26,ESTOQUE BELCAR,ESTOQUE,ANS,,,,,,,,,,NÃO TEM,,,,,NF. 730419,
VR018300,31.320,CINZA,15/06/26,ESTOQUE BELCAR,ESTOQUE,ANS,,,,,,,,,,NÃO TEM,,,,,NF. 731068,
TR029068,11.180,PRATA TUNGTEN,30/10/25,ESTOQUE BELCAR,ESTOQUE,FACCHINI,REVISAO DE 6 MESES,,,,,,,,372904,NÃO TEM,,,,,FACCHINI - 11/11,
VR006516,17.210,BRANCO,12/03/26,ESTOQUE BELCAR,ESTOQUE,FACCHINI,,,,,,,,,,NÃO TEM,,,,,ANAPOLIS - 12/03/26,
VR009742,17.210,BRANCO GEADA,07/04/26,ESTOQUE BELCAR,ESTOQUE,FACCHINI,,,,,,,,,,NÃO TEM,,,,,,
9536C8TD2VR013975,30.320,BRONZE NAMIBIA,27/05/26,ESTOQUE BELCAR,ESTOQUE,HOLMES,,,,,,,,,,NÃO TEM,,,,,NF. 729181,
VR017128,30.320,BRONZE NAMIBIA,15/06/26,ESTOQUE BELCAR,ESTOQUE,HOLMES,,,,,,,,,,NÃO TEM,,,,,NF. 731095,
VR019465,11.180,LARANJA ENERGETIC,18/06/26,ESTOQUE BELCAR,ESTOQUE,ANS,,,,,,,,,,NÃO TEM,,NF. 731572,,,,
VR019937,26.320,PRETO,19/06/26,ESTOQUE BELCAR,ESTOQUE,HOLMES,,,,,,,,,,,,NF. 731651,,,,
VR020218,26.320,VERDE OCEANO,23/06/26,ESTOQUE BELCAR,ESTOQUE,HOLMES,,,,,,,,,,,,NF. 732173,,,,
VR017264,26.260,BRONZE NAMIBIA,23/06/26,ESTOQUE BELCAR,ESTOQUE,HOLMES,,,,,,,,,,,,NF. 732247,,,,
VR017669,11.180,BRONZE NAMIBIA,23/06/26,ESTOQUE BELCAR,ESTOQUE,HOLMES,,,,,,,,,,,,NF. 732209,,,,
VR203938,29.530,BRONZE NAMIBIA,24/06/26,ESTOQUE BELCAR,ESTOQUE,HOLMES,,,,,,,,,,,,NF. 732287,,,,
TR007874,11.180,BRANCO GEADA,15/07/25,ESTOQUE BELCAR,ESTOQUE,IMPLEMENTADOR,REVISAO DE 6 MESES,,,,,,,,,NÃO TEM,,,,,BMB - JULIANA E-MAIL 26/06/2025,
TR019291,31.320,BRANCO GEADA,12/08/25,ESTOQUE BELCAR,ESTOQUE,IMPLEMENTADOR,REVISAO DE 6 MESES,,,,,,,,,NÃO TEM,,,,,GRIMALDI IND - SANTO ANTONIO DE POSSE/SP - 28/07 - prancha GABARDO,
TR024777,17.230 OD,SEM COR,21/10/25,ESTOQUE BELCAR,ESTOQUE,IMPLEMENTADOR,REVISAO DE 6 MESES,,,,,,,,,TEM,2 RECALL,Carta DVM AT 001A-26 / Carta DVM AT 006-26,,,NF. 704069 - SERVICARGA - SÃO BERNARDO DO CAMPO,
VR001925,17.230 OD,SEM COR,23/01/26,ESTOQUE BELCAR,ESTOQUE,IMPLEMENTADOR,REVISAO DE 6 MESES,,,,,,,,,NÃO TEM,,,,,SERVICARGA - SÃO BERNARDO VIAGEM 63505 - 23/02/26,
VR001503,26.260,BRANCO GEADA,23/01/26,ESTOQUE BELCAR,ESTOQUE,IMPLEMENTADOR,REVISAO DE 6 MESES,,,,,,,,,NÃO TEM,,,,,NF. 714428 - FACCHINI SÃO JOSE DO RIO PRETO,
VR000756,17.210,BRANCO,23/01/26,ESTOQUE BELCAR,ESTOQUE,IMPLEMENTADOR,REVISAO DE 6 MESES,,,,,,,,,NÃO TEM,,,,,EMAQ IND - APARECIDA DE GOIANIA GP - PRANCHA GABARDO,
VR002754,17.230 OD,SEM COR,13/02/26,ESTOQUE BELCAR,ESTOQUE,IMPLEMENTADOR,,,,,,,,,,NÃO TEM,,,,,SERVICARGA - SÃO BERNARDO VIAGEM 63505 - 23/02/26,
VR002295,17.230 OD,SEM COR,13/02/26,ESTOQUE BELCAR,ESTOQUE,IMPLEMENTADOR,,,,,,,,,,NÃO TEM,,,,,SERVICARGA - SÃO BERNARDO VIAGEM 63505 - 23/02/26,
VR003662,17.230 OD,SEM COR,27/02/26,ESTOQUE BELCAR,ESTOQUE,IMPLEMENTADOR,,,,,,,,,,NÃO TEM,,,,,NF. 718068 - SERVICARGA - SBC - 09/03/26,
VR003665,17.230 OD,SEM COR,27/02/26,ESTOQUE BELCAR,ESTOQUE,IMPLEMENTADOR,,,,,,,,,,NÃO TEM,,,,,NF. 718064 - SERVICARGA - SBC - 09/03/26,
VR003959,17.230 OD,SEM COR,27/02/26,ESTOQUE BELCAR,ESTOQUE,IMPLEMENTADOR,,,,,,,,,,NÃO TEM,,,,,NF. 718067 - SERVICARGA - SBC - 09/03/26,
VR003659,17.230 OD,SEM COR,27/02/26,ESTOQUE BELCAR,ESTOQUE,IMPLEMENTADOR,,,,,,,,,,NÃO TEM,,,,,NF. 718066 - SERVICARGA - SBC - 09/03/26,
VR003702,17.230 OD,SEM COR,27/02/26,ESTOQUE BELCAR,ESTOQUE,IMPLEMENTADOR,,,,,,,,,,NÃO TEM,,,,,NF. 718065 - SERVICARGA - SBC - 09/03/26,
VR003923,17.230 OD,SEM COR,27/02/26,ESTOQUE BELCAR,ESTOQUE,IMPLEMENTADOR,,,,,,,,,,NÃO TEM,,,,,NF. 718063 - SERVICARGA - SBC - 09/03/26,
VR005275,26.260,BRANCO,15/03/26,ESTOQUE BELCAR,ESTOQUE,IMPLEMENTADOR,,,,,,,,,,TEM,,Carta DVM AT 010-26 - Ação de Campo - Substituição do elemento do filtro de ar do motor - Constellation - 1 Item(s),,,TRUCKVAN GUARULHOS - 09/03/26,
VR004485,26.260,BRANCO,15/03/26,ESTOQUE BELCAR,ESTOQUE,IMPLEMENTADOR,,,,,,,,,,TEM,,Carta DVM AT 010-26 - Ação de Campo - Substituição do elemento do filtro de ar do motor - Constellation - 1 Item(s),,,TRUCKVAN GUARULHOS - 09/03/26,
VR008417,11.180 OD,SEM COR,17/03/26,ESTOQUE BELCAR,ESTOQUE,IMPLEMENTADOR,,,,,,,,,,NÃO TEM,,,,,NF. 719940 - CAXIAS DO SUL - RS - 26/03,
VR008421,11.180 OD,SEM COR,17/03/26,ESTOQUE BELCAR,ESTOQUE,IMPLEMENTADOR,,,,,,,,,,NÃO TEM,,,,,NF. 719941 - CAXIAS DO SUL - RS - 26/03,
VR008769,11.180 OD,SEM COR,18/03/26,ESTOQUE BELCAR,ESTOQUE,IMPLEMENTADOR,,,,,,,,,,NÃO TEM,,,,,NF. 720238 - CAXIAS DO SUL - RS - 26/03,
VR008801,11.180,SEM COR,18/03/26,ESTOQUE BELCAR,ESTOQUE,IMPLEMENTADOR,,,,,,,,,,NÃO TEM,,,,,NF. 720237 - CAXIAS DO SUL - RS - 26/03,
VR008734,11.180,SEM COR,18/03/26,ESTOQUE BELCAR,ESTOQUE,IMPLEMENTADOR,,,,,,,,,,NÃO TEM,,,,,NF. 720236 - CAXIAS DO SUL - RS - 26/03,
9532A8TU5VR004000,17.230,SEM COR,23/03/26,ESTOQUE BELCAR,ESTOQUE,IMPLEMENTADOR,,,,,,,,,,NÃO TEM,,,,,NF. 720568 - ERECHIM - RS - 01/04,
VR004540,17.230,SEM COR,23/03/26,ESTOQUE BELCAR,ESTOQUE,IMPLEMENTADOR,,,,,,,,,,NÃO TEM,,,,,NF. 720567 - ERECHIM - RS - 01/04,
VR004545,17.230,SEM COR,23/03/26,ESTOQUE BELCAR,ESTOQUE,IMPLEMENTADOR,,,,,,,,,,NÃO TEM,,,,,NF. 720569 - ERECHIM - RS - 01/04,
VR010358,11.180 OD,SEM COR,30/03/26,ESTOQUE BELCAR,ESTOQUE,IMPLEMENTADOR,,,,,,,,,,NÃO TEM,,,,,NF. 721562 - 63999 - 01/05 - CASCAVEL MARCOPOLO,
VR010354,11.180 OD,SEM COR,30/03/26,ESTOQUE BELCAR,ESTOQUE,IMPLEMENTADOR,,,,,,,,,,NÃO TEM,,,,,NF. 721561 - 64004 - 02/05 - MARCOPOLO ,
VR010356,11.180,SEM COR,30/03/26,ESTOQUE BELCAR,ESTOQUE,IMPLEMENTADOR,,,,,,,,,,NÃO TEM,,,,,NF. 721560 - 63940 - ERECHIM RS - 24/04,
VR010776,11.180 OD,SEM COR,02/04/26,ESTOQUE BELCAR,ESTOQUE,IMPLEMENTADOR,,,,,,,,,,NÃO TEM,,,,,NF. 722746 - MARCOPOLO - 24/04/2026,
953AD6TF3VR010788,11180 OD,SEM COR,02/04/26,ESTOQUE BELCAR,ESTOQUE,IMPLEMENTADOR,,,,,,,,,,NÃO TEM,,,,,NF. 722750 - MARCOPOLO - 30/04/2026,
VR010791,11.180 OD,,02/04/26,ESTOQUE BELCAR,ESTOQUE,IMPLEMENTADOR,,,,,,,,,,NÃO TEM,,,,,COMIL - MARCOPOLLO CAIAS DO SUL RS - 23/04/26,
VR010785,11.180 OD,,02/04/26,ESTOQUE BELCAR,ESTOQUE,IMPLEMENTADOR,,,,,,,,,,NÃO TEM,,,,,COMIL - MARCOPOLLO CAIAS DO SUL RS - 23/04/26,
VR010358,11.180 OD,,02/04/26,ESTOQUE BELCAR,ESTOQUE,IMPLEMENTADOR,,,,,,,,,,NÃO TEM,,,,,COMIL - MARCOPOLLO CAIAS DO SUL RS - 23/04/26,
VR010779,11.180 OD,,02/04/26,ESTOQUE BELCAR,ESTOQUE,IMPLEMENTADOR,,,,,,,,,,NÃO TEM,,,,,COMIL - MARCOPOLLO CAIAS DO SUL RS - 23/04/26,
9536C8TL6VR013209,31.320,BRANCO GEADA,27/04/26,ESTOQUE BELCAR,ESTOQUE,IMPLEMENTADOR,,SILTOMAC - 18/05 prancha,,,,,,,,NÃO TEM,,,,,NF. 725049,
VR013922,31.320,CINZA,29/04/26,ESTOQUE BELCAR,ESTOQUE,IMPLEMENTADOR,,,,,,,,,,NÃO TEM,,,,,NF. 725540 - SÃO CARLOS - SP,
VR005666,25.480,AZUL NOTURNO,26/02/26,ESTOQUE BELCAR,ESTOQUE,ITUMBIARA,,,,,,,,,,NÃO TEM,,,,,,
VR019644,31.320,BRANCO GEADA,19/06/26,ESTOQUE BELCAR,ESTOQUE,ITUMBIARA,,,,,,,,,,,,NF. 731768,,,,
VR018978,EXPRESS,BRONZA NAMIBIA,19/06/26,ESTOQUE BELCAR,ESTOQUE,ITUMBIARA,,,,,,,,,,,,NF. 731653,,,,
TR018377,31.320,BRANCO,09/07/25,ESTOQUE BELCAR,ESTOQUE,ITUMBIARA,REVISÃO 1 ANO,,,,,,,,,TEM,,Circular AT 048-25 - Ação de Oficina – Parametrização do módulo PTM - 1 Item(s),,,FROTA 2023 - 05/07 - ANS,
TR200278,28.480,VERMELHO DAYTONA,29/11/25,ESTOQUE BELCAR,ESTOQUE,ITUMBIARA,REVISAO DE 6 MESES,,,,,,,,,TEM,,Circular AT 049-25 - Ação de Oficina – Verificação dos tubos de alimentação de combustível - 1 Item(s),,,NF. 710432 - VIAGEM - 62971 - GO - 08/12,
VR002511,11.180,VERDE ECOVIAS,19/02/26,ESTOQUE BELCAR,ESTOQUE,ITUMBIARA,,,,,,,,,,NÃO TEM,,,,,NF. 715492 - VIAGEM - 63368 - ANS - 07/02,
VR203040,29.530,AZUL,20/04/26,ESTOQUE BELCAR,ESTOQUE,ITUMBIARA,,,,,,,,,,NÃO TEM,,,,,PRANCHA GABARDO 20/04,
VR203586,29.530,VERDE ECOVIAS,12/05/26,ESTOQUE BELCAR,ESTOQUE,ITUMBIARA,,,,,,,,,,NÃO TEM,,,,,NF. 726826 - VIAGEM - 641201 - 16/05/2026,
VR013054,30.320,AZUL UNIQUE,12/05/26,ESTOQUE BELCAR,ESTOQUE,ITUMBIARA,,,,,,,,,,NÃO TEM,,,,,NF. 726844 - VIAGEM - 641201 - 16/05/2026,
VR018540,25.480,BRONZE NAMIBIA,12/06/26,ESTOQUE BELCAR,ESTOQUE,ITUMBIARA,,,,,,,,,,NÃO TEM,,,,,NF. 730934,
VR017265,20.480,,12/06/26,ESTOQUE BELCAR,ESTOQUE,ITUMBIARA,,PRANCHA DIA 18/06,,,,,,,,NÃO TEM,,,,,NF. 730953,
SR041799,14.210,BRANCO,25/02/25,ESTOQUE BELCAR,ESTOQUE,JRV,REVISÃO 1 ANO,,,,,,,,,TEM,,Carta DVM AT 006-26 - Ação de Campo – verificação do roteiro do chicote elétrico do motor D08 - 1 Item(s),,,JRV,
TR001595,11.180,BRANCO GEADA,10/04/25,ESTOQUE BELCAR,ESTOQUE,JRV,REVISÃO 1 ANO,,,,,,,,,NÃO TEM,,,,,JRV,
VR000415,17.210,BRANCO GEADA,15/01/26,ESTOQUE BELCAR,ESTOQUE,JRV,REVISAO DE 6 MESES,,,,,,,,,NÃO TEM,,,,,COLOCAR BAU JRV - 01/06/2026,
VR000339,31.320,BRANCO,02/02/26,ESTOQUE BELCAR,ESTOQUE,JRV,,,,,,,,,,NÃO TEM,,,,,JRV - PRANCHA GABARDO 03/02/2026,
VR001822,31.320,BRANCO,02/02/26,ESTOQUE BELCAR,ESTOQUE,JRV,,,,,,,,,,NÃO TEM,,,,,JRV - PARAMETRIZANDO OFICINA TAINA,
VR001950,27.320,BRANCO,27/02/26,ESTOQUE BELCAR,ESTOQUE,JRV,,,,,,,,,,NÃO TEM,,,,,JRV - VIAGEM 63470 - GO - 22/02,
VR002091,31.320,BRANCO,30/04/26,ESTOQUE BELCAR,ESTOQUE,JRV,,,,,,,,,,NÃO TEM,,,,,JRV - VIAGEM 63470 - GO - 22/02,
VR002110,31.320,BRANCO,30/04/26,ESTOQUE BELCAR,ESTOQUE,JRV,,,,,,,,,,NÃO TEM,,,,,JRV - PARAMETRIZANDO OFICINA TAINA,
VR019963,26.320,BRANCO GEADA,29/06/26,ESTOQUE BELCAR,ESTOQUE,ANS,,,,,,,,,,,,,,,,
VR019937,26.320,PRETO,29/06/26,ESTOQUE BELCAR,ESTOQUE,ANS,,,,,,,,,,,,,,,,
VR020843,26.260,VERMELHO NOBRE,29/06/26,ESTOQUE BELCAR,ESTOQUE,HOLMES,,,,,,,,,,,,NF. 733137,,,,
VR019344,26.260,BRANCO GEADA,30/06/26,ESTOQUE BELCAR,ESTOQUE,HOLMES,,,,,,,,,,,,NF. 733564,,,,
VR015929,26.260,VERMELHO DAYTONA,26/06/26,ESTOQUE BELCAR,ESTOQUE,HOLMES,,,,,,,,,,,,NF. 732878,,,,
VR015915,26.260,VERMELHO DAYTONA,26/06/26,ESTOQUE BELCAR,ESTOQUE,HOLMES,,,,,,,,,,,,NF. 732877,,,,
VR015882,26.260,VERMELHO DAYTONA,26/06/26,ESTOQUE BELCAR,ESTOQUE,HOLMES,,,,,,,,,,,,NF. 732876,,,,
VR017507,26.260,VERMELHO DAYTONA,26/06/26,ESTOQUE BELCAR,ESTOQUE,HOLMES,,,,,,,,,,,,NF. 732912,,,,
VR017558,26.260,VERMELHO DAYTONA,26/06/26,ESTOQUE BELCAR,ESTOQUE,HOLMES,,,,,,,,,,,,NF. 732914,,,,
VR015923,26.260,VERMELHO DAYTONA,26/06/26,ESTOQUE BELCAR,ESTOQUE,HOLMES,,,,,,,,,,,,NF. 732913,,,,
VR204000,28.480,BRANCO GEADA,26/06/26,ESTOQUE BELCAR,ESTOQUE,HOLMES,,,,,,,,,,,,NF. 733056,,,,
VR020413,18.320,LARANJA,26/06/26,ESTOQUE BELCAR,ESTOQUE,HOLMES,,,,,,,,,,,,NF. 733048,,,,
VR019678,26.320,PRETO,29/06/26,ESTOQUE BELCAR,ESTOQUE,HOLMES,,,,,,,,,,,,NF. 733113,,,,
VR020749,26.320,LARANJA PREMIUM,29/06/26,ESTOQUE BELCAR,ESTOQUE,HOLMES,,,,,,,,,,,,NF. 733114,,,,
VR012706,17.210,BRANCO GEADA,30/04/26,ESTOQUE BELCAR ,ESTOQUE,PATIO 1,,,,24/06/26,1046610,WALERIA,,NÃO,383608,NÃO TEM,,,,,NF. 726299 - 11/05/2026,
TR018092,31.320,BRANCO,20/06/25,ESTOQUE BELCAR ,ESTOQUE,ANS,REVISÃO 1 ANO,,,,,,,,,TEM,,Circular AT 048-25 - Ação de Oficina – Parametrização do módulo PTM - 1 Item(s),,,DESCEU PRANCHA ERRADO 02/10 - ENVIADO P/ ESVAZIAR O PÁTIO 03/10,
VR008690,26.260,BRANCO,27/03/26,ESTOQUE BELCAR ,ESTOQUE,FACCHINI,,,,,,,,,,TEM,,Carta DVM AT 010-26 - Ação de Campo - Substituição do elemento do filtro de ar do motor - Constellation - 1 Item(s),,,63798 - SERTAOZINHO - 02/04/2026,
VR008826,26.260,BRANCO,27/03/26,ESTOQUE BELCAR ,ESTOQUE,FACCHINI,,,,,,,,,,TEM,,Carta DVM AT 010-26 - Ação de Campo - Substituição do elemento do filtro de ar do motor - Constellation - 1 Item(s),,,63798 - SERTAOZINHO - 02/04/2026,
VR008677,26.260,BRANCO,27/03/26,ESTOQUE BELCAR ,ESTOQUE,IMPLEMENTADOR,,,,,,,,,,TEM,,Carta DVM AT 010-26 - Ação de Campo - Substituição do elemento do filtro de ar do motor - Constellation - 1 Item(s),,,63808 - SÃO JOSE DO RIO PRETO - 02/04/26,
VR008756,26.260,BRANCO,30/03/26,ESTOQUE BELCAR ,ESTOQUE,IMPLEMENTADOR,,,,,,,,,,TEM,,Carta DVM AT 010-26 - Ação de Campo - Substituição do elemento do filtro de ar do motor - Constellation - 1 Item(s),,,63820 - SÃO JOSE DO RIO PRETO - 05/04/26,
VR008761,26.260,BRANCO,30/03/26,ESTOQUE BELCAR ,ESTOQUE,IMPLEMENTADOR,,,,,,,,,,TEM,,Carta DVM AT 010-26 - Ação de Campo - Substituição do elemento do filtro de ar do motor - Constellation - 1 Item(s),,,63820 - SÃO JOSE DO RIO PRETO - 05/04/26,
TR202403,28.480,AZUL,01/09/25,ESTOQUE BELCAR - 01/09/25,ESTOQUE,ANS,REVISÃO 1 ANO,,,,,,,,,REALIZADA,,,,,FROTA 62081 - 02/09 - ANS,
TR202267,28.480,BRANCO GEADA,26/11/25,ESTOQUE BELCAR - 01/12/25,ESTOQUE,ANS,REVISAO DE 6 MESES,,,,,,,,,NÃO TEM,,,,,,
TR016053,30.320,BRANCO,03/10/25,ESTOQUE BELCAR - 03/10/25,ESTOQUE,ANS,REVISAO DE 6 MESES,,,,,,,,,NÃO TEM,,,,,DESCEU PRANCHA ERRADO 02/10 - ENVIADO P/ ESVAZIAR O PÁTIO 03/10,
TR202303,28.480,BRANCO GEADA,27/11/25,ESTOQUE BELCAR - 04/12/25,ESTOQUE,ANS,REVISAO DE 6 MESES,,,,,,,,,TEM,,Circular AT 049-25 - Ação de Oficina – Verificação dos tubos de alimentação de combustível - 1 Item(s),,,VIAGEM - 62928 - GO - 05/12,
TR202305,28.480,BRANCO GEADA,27/11/25,ESTOQUE BELCAR - 04/12/25,ESTOQUE,ANS,REVISAO DE 6 MESES,,,,,,,,,NÃO TEM,,,,,NF. 709511 - VIAGEM - 62945 - ANS - 06/12,
VR003480,14.180,BRANCO GEADA,27/02/26,ESTOQUE BELCAR - 04/12/25,ESTOQUE,PATIO 1,,SEM PEÇAS,,,,,,,,NÃO TEM,,,,,OFICINA - 23B971011GH - CHICOTE ELÉTRICO para colocar no BBT - SUPORTE DA PLACA COLOCAR NO REDE PET RANCOU RODAS (23M945509 e 23M945403) - chicotes e BSG para atender o 1º caminhão da BBT e tiramos o sensor de neutro para atender o caminhão da JMA (Está sem o sensor da marcha que foi usado para atender um ônibus da MOBI) - PARA-CHOQUE E PEÇA LATEAL LD PASSAGEIRO ENTREGA TECNICA BIGODINHO,
TR202263,28.480,BRANCO GEADA,27/11/25,ESTOQUE BELCAR - 08/12/25,ESTOQUE,ANS,REVISAO DE 6 MESES,,,,,,,,,NÃO TEM,,,,,NF. 709613 - VIAGEM - 62687 - VARZEA GRANDE MT - 09/12,
TR203002,29.530,BRANCO,08/12/25,ESTOQUE BELCAR - 08/12/25,ESTOQUE,ANS,REVISAO DE 6 MESES,,,,,,,,,NÃO TEM,,,,,,
TR202311,28.480,BRANCO GEADA,27/11/25,ESTOQUE BELCAR - 15/12/25,ESTOQUE,ANS,REVISAO DE 6 MESES,,,,,,,,,NÃO TEM,,,,,NF. 709837 - VIAGEM - 63023 - ANS - 15/12,
TR028280,26.320,PRATA PYRIT,16/10/25,ESTOQUE BELCAR - 16/10/25,ESTOQUE,ANS,REVISAO DE 6 MESES,,,,,,,,,NÃO TEM,,,,,,
TR018289,31.320,CINZA,20/11/25,ESTOQUE BELCAR - 20/11/25,ESTOQUE,ANS,REVISAO DE 6 MESES,,,,,,,,,TEM,,Circular AT 048-25 - Ação de Oficina – Parametrização do módulo PTM - 1 Item(s),,,NF. 707752 - DESTINO ANÁPOLIS,
TR002546,26.320,CINZA MOONSTONE,22/10/25,ESTOQUE BELCAR - 22/10/25,ESTOQUE,ANS,REVISAO DE 6 MESES,,,,,,,,,NÃO TEM,,,,,,
TR201766,28.480,BRANCO GEADA,13/06/25,ESTOQUE BELCAR - 23/06/25,ESTOQUE,ANS,REVISÃO 1 ANO,,,,,,,,,TEM,,Circular AT 049-25 - Ação de Oficina – Verificação dos tubos de alimentação de combustível - 1 Item(s),,,FROTA 3484 - 24/06/2025 GOIANIA,
VR001770,31.320,BRANCO GEADA,19/01/26,ESTOQUE BELCAR - 26/01/2026,ESTOQUE,ANS,REVISAO DE 6 MESES,,,,,,,,,NÃO TEM,,,,,NF. 714263,
VR005553,EXPRESS,BRANCO GEADA,10/03/26,ESTOQUE BELCAR - BAÚ FACCHINI,ESTOQUE,ANS,,,,,,,,,,NÃO TEM,,,,,,
VR006414,EXPRESS,BRANCO GEADA,04/03/26,"ESTOQUE BELCAR - BAU FACCHINI 4,20",ESTOQUE,ANS,,,,,,,,,,NÃO TEM,,,,,,
VR006377,14.180,BRANCO GEADA,12/03/26,"ESTOQUE BELCAR - BAU FACCHINI 6,20",ESTOQUE,PATIO 1,,SEM PEÇAS,,,,,,,,NÃO TEM,,,,,Chicote do chassi e do painel - RICARDO OFICINA,
VR000392,14.210,BRANCO,09/01/26,"ESTOQUE BELCAR - BAU FACCHINI 6,80 R$ 48.000,00",ESTOQUE,ANS,REVISAO DE 6 MESES,,,,,,,,,NÃO TEM,,,,,ENVIAMOS PARA LIBERAR ESPAÇO NO PATIO 1,
TR012411,18.210,AZUL AMBEV,05/06/25,ESTOQUE BELCAR - BAÚ JRV - 07/10/25,ESTOQUE,ANS,REVISÃO 1 ANO,,,,,,,,,TEM,,Carta DVM AT 006-26 - Ação de Campo – verificação do roteiro do chicote elétrico do motor D08 - 1 Item(s),,,ENVIADO PARA ESVAZIAR O PÁTIO - 07/10,
TR202295,28.480,BRANCO GEADA,27/11/25,ESTOQUE BELCAR - BRASIL,ESTOQUE,ANS,REVISAO DE 6 MESES,,,,,,,,,NÃO TEM,,,,,PARA ADESIVAR BRASIL - PRONTO,
TR202149,28.480,BRANCO GEADA,26/11/25,ESTOQUE BELCAR - BRASIL,ESTOQUE,PATIO 1,REVISAO DE 6 MESES,,,,,,,,381604,NÃO TEM,,,,,,
TR202266,28.480,BRANCO GEADA,26/11/25,ESTOQUE BELCAR - BRASIL,ESTOQUE,SHOWROOM,REVISAO DE 6 MESES,,,,,,,,,NÃO TEM,,,,,PARA ADESIVAR BRASIL - PRONTO,
TR202226,28.480,BRANCO GEADA,26/11/25,ESTOQUE BELCAR - BRASIL - SEM PEÇA,ESTOQUE,PATIO 1,REVISAO DE 6 MESES,SEM PEÇAS,,,,,,,,NÃO TEM,,,,,TIROU PEÇAS (MAQUINA VIDRO LD e LE - RUYTER P/OFICINA) - PRONTO ADESIVOS,
VR001627,31.320,BRANCO GEADA,SEMI NOVO,ESTOQUE BELCAR - CAÇAMBA - SHOWROOM,ESTOQUE,PATIO 2,,,,,,,,,,,,,,,,
TR019413,26.260,VERMELHO COCA,01/12/25,ESTOQUE BELCAR - CARDAN ADICIONAL,ESTOQUE,ANS,REVISAO DE 6 MESES,,,,,,,,,NÃO TEM,,,,,NF. 709440,
TR017799,26.260,VERMELHO,04/12/25,ESTOQUE BELCAR - CARDAN ADICIONAL,ESTOQUE,ANS,REVISAO DE 6 MESES,,,,,,,,,NÃO TEM,,,,,VIAGEM - 62931 - GO - 05/12,
TR031200,9.180 OD,CINZA,LAVADO,ESTOQUE BELCAR - HIGHLINE,ESTOQUE,SHOWROOM,,,,,,,,,,NÃO TEM,,,,,"R$ 675.000,00",
9536B8TDXVR011071,26.260,BRANCO GEADA,09/04/26,ESTOQUE BELCAR - HOLMES,ESTOQUE,ANS,,08/05/2026,08/06/2026,,,,,,,NÃO TEM,,,,,NF. 723185 - VIAGEM - 64447 - 10/06,
9536B8TD4VR011275,26.260,BRANCO GEADA,09/04/26,ESTOQUE BELCAR - HOLMES,ESTOQUE,ANS,,08/05/2026,,,,,,,,NÃO TEM,,,,,NF. 723183  - VIAGEM 64440 - 10/06,
9536B8TD4VR011096,26.260,BRANCO GEADA,09/04/26,ESTOQUE BELCAR - HOLMES,ESTOQUE,ANS,,08/05/2026,,,,,,,,NÃO TEM,,,,,NF. 723184 - VIAGEM - 64456 - 12/06/2026,
9535E7TB9VR013034,14.180,BRANCO GEADA,30/04/26,ESTOQUE BELCAR - HOLMES,ESTOQUE,ANS,,,,,,,,,,NÃO TEM,,,,,NF. 725998 - VIAGEM - 151407 - ,
9536B8TD7VR014316,26.260,BRANCO GEADA,30/04/26,ESTOQUE BELCAR - HOLMES,ESTOQUE,ANS,,,,,,,,,,NÃO TEM,,,,,NF. 726354 - VIAGEM - 64447 - 10/06,
953678TG3VR017466,17.210,BRANCO GEADA,28/05/26,ESTOQUE BELCAR - HOLMES,ESTOQUE,ANS,,,,,,,,,,NÃO TEM,,,,,NF. 729472 - VIAGEM - 64418 - 07/06/2026,
953678TG8VR017611,17.210,BRANCO GEADA,28/05/26,ESTOQUE BELCAR - HOLMES,ESTOQUE,ANS,,,,,,,,,,NÃO TEM,,,,,NF. 729494 - VIAGEM 64440 - 10/06,
VR000356,14.210,BRANCO,19/01/26,ESTOQUE BELCAR - JRV CAÇAMBA 6m colocar,ESTOQUE,JRV,REVISAO DE 6 MESES,,,,,,,,,NÃO TEM,,,,,JRV - 06/03/2026 GUSTAVO PEDIU,
SR031614,17.230 OD,CINZA,23/06/25,ESTOQUE BELCAR - MARCOPOLO,ESTOQUE,ANS,REVISÃO 1 ANO,,,,,,,,,TEM,5 REACALL,Carta DVM AT 001A-26 / Carta DVM AT 006-26 / Circular AT 002-26 / Circular AT 012-25 / Circular AT 054-25 ,,,MARCOPOLLO - REVISÃO DE ENTREGA DELES - 08/09 - ENVIADO PARA GABARDO A PEDIDO DO FERNANDO,Recebido em 10/09/2025 Ônibus sem kit ferramenta só apenas extintor está faltando estepe
TR011852,17.230 OD,BRANCO,06/06/25,"ESTOQUE BELCAR - MARCOPOLO R$ 510.000,00",ESTOQUE,SHOWROOM,REVISÃO 1 ANO,,,,,,,,369635,TEM,,Carta DVM AT 001A-26 / Carta DVM AT 006-26,,,"R$ 437.629,96 CHASSI",
SR032830,15.210 OD,CINZA,05/06/25,ESTOQUE BELCAR - MASCARELLO URBANO 44 LUGARES,ESTOQUE,SHOWROOM,REVISÃO 1 ANO,,,,,,,,369158,TEM,, Carta DVM AT 001A-26 / Carta DVM AT 006-26 / Circular AT 002-26 / Circular AT 012-25,,,"R$ 650.000,00",
VR203709,28.480,AZUL PEPSI,28/05/26,ESTOQUE BELCAR - PHB,ESTOQUE,PATIO 1,,01/06/2026,05/06/2026,,729292,,,,,NÃO TEM,,,,,NF. 729292 - VIAGEM - 64418 - 07/06/2026,
SR017606,11.180,VERMELHO RUBI,05/12/24,ESTOQUE BELCAR - PIPA 7.000,ESTOQUE,JRV,REVISÃO 1 ANO,,,,,,,,,NÃO TEM,,,,,JRV - 13/01/2026 - GUSTAVO - COLOCAR PIPA,
TR014589,18.260,BRANCO,20/06/25,ESTOQUE BELCAR - PRANCHA JRV,ESTOQUE,JRV,REVISÃO 1 ANO,,,,,,,,,NÃO TEM,,,,,,
TR026601,26.320,BRANCO,31/10/25,ESTOQUE BELCAR - PRANCHA JRV,ESTOQUE,JRV,REVISAO DE 6 MESES,,,,,,,,,NÃO TEM,,,,,PARAMETRIZAR E GEOMETRIA - JRV - TAINA,
VR010139,14.210,AZUL SAFIRA,22/04/26,ESTOQUE BELCAR - SHOWROOM,ESTOQUE,SHOWROOM,,,,,,,,,,NÃO TEM,,,,,,
SR006010,9.180,AZUL BISCAY,12/03/24,ESTOQUE BELCAR - V-TRONIC,ESTOQUE,JRV,REVISÃO 1 ANO,,,,,,,,351364,NÃO TEM,,,,,JRV,
TR003562,9.180,LARANJA NEPAL,26/03/25,RTL ENCOMENDAS E CARGAS LTDA,ESTOQUE,SHOWROOM,REVISÃO 1 ANO,,,,,,,,374047,NÃO TEM,,,,,"R$ 390.000,00 - AVARIADO PORTA",
SR203214,29.530,BRANCO GEADA,05/09/24,ESTOQUE BELCAR / CCL / TESTE DRIV,ESTOQUE,JRV,REVISÃO 1 ANO,,,,,,,,353172,NÃO TEM,,,,,JRV,
TR026704,18.210,BRANCO,23/09/25,ESTOQUEBELCAR,ESTOQUE,ANS,REVISÃO 1 ANO,,,,,,,,,NÃO TEM,,,,,,
VR000497,26.320,"PEÇA AR CONDIC,",02/02/26,FA INDUSTRIA E COMERCIO DE ALIMENTOS LTDA,FATURADO,JRV,,05/06/2026,,28/05/2026,1041987,DOUGLAS,PAGO,OK,382655,NÃO TEM,"R$ 9.000,00","DEFLETOR, TAPETE VINIL E MOEDA, INSULFILME E SOPRADOR",,,VAI P/JRV,
9536B8TD1VR018619,18.260,BRANCO GEADA,,FERNANDES LOC D VEIC E EQUIPAMENTOS LTDA,FATURADO,IMPLEMENTADOR,,LOPAC - 25/06,,17/06/2026,731474,GUSTAVO,PAGO,,,NÃO TEM,,,,,,
9536B8TDXVR018912,18.260,BRANCO GEADA,,FERNANDES LOC D VEIC E EQUIPAMENTOS LTDA,FATURADO,IMPLEMENTADOR,,LOPAC - 25/06,,17/06/2026,731471,GUSTAVO,PAGO,,,NÃO TEM,,,,,,
9536B8TD6VR018499,18.260,BRANCO GEADA,,FERNANDES LOC D VEIC E EQUIPAMENTOS LTDA,FATURADO,IMPLEMENTADOR,,LOPAC - 25/06,,17/06/2026,731472,GUSTAVO,PAGO,,,NÃO TEM,,,,,,
9536B8TD5VR018638,18.260,BRANCO GEADA,,FERNANDES LOC D VEIC E EQUIPAMENTOS LTDA,FATURADO,IMPLEMENTADOR,,LOPAC - 25/06,,17/06/2026,731475,GUSTAVO,PAGO,,,NÃO TEM,,,,,,
9536B8TD0VR018644,18.260,BRANCO GEADA,,FERNANDES LOC D VEIC E EQUIPAMENTOS LTDA,FATURADO,IMPLEMENTADOR,,LOPAC - 25/06,,17/06/2026,731473,GUSTAVO,PAGO,,,NÃO TEM,,,,,,
VR014443,18.260,382199,15/05/26,FERNANDES LOC D VEIC E EQUIPAMENTOS LTDA ,FATURADO,PATIO 2,,AVARIADO - LANTERNAGEM,,14/05/2026,727197,GUSTAVO,PAGO,NÃO,383610,NÃO TEM,,,,,,
VR008162,17.210,,13/04/26,FOKUS LOCADORA DE VEICULOS LTDA,FATURADO,PATIO 1,,,,19/03/2026,720367,CRISTIANO,PAGO,NÃO,383611,NÃO TEM,,,,,,
VR009036,17.210,,21/03/26,FOKUS LOCADORA DE VEICULOS LTDA  - AVARIA NO PARACHOQUE,VENDA DIRETA,PATIO 2,,,,20/03/2026,720466,CRISTIANO,PAGO,NÃO,382833,NÃO TEM,,,,,,
VR005980,14.180,,30/03/26,GOLD TRANSPORTES LTDA,FATURADO,IMPLEMENTADOR,,,,20/04/2026,1035424,JORGE,PAGO,,380403,NÃO TEM,,,,,AMERICA PEÇAS - 24/04/2026,
VR016077,27.320,AZUL UNIQUE ,20/05/26,GOLDMAN SOLUCOES EM SANEAMENTO LTDA,FATURADO,PATIO 1,,,,30/06/2026,1047616,PAULO,NÃO,NÃO,383769,NÃO TEM,,,,,NF. 727949,
VR009535,EXPRESS,,02/04/26,GOLDMAN SOLUCOES EM SANEAMENTO LTDA,FATURADO,DESTINO ,,,,23/04/2026,1035982,GUSTAVO,,,,NÃO TEM,,,,,JRV,
VR000398,26.260,,12/01/25,GOLDMAN SOLUCOES EM SANEAMENTO LTDA,FATURADO,IMPLEMENTADOR,REVISÃO 1 ANO,GOLDMAN - 15/06/26,,17/06/2026,1045430,PAULO,,,381599,NÃO TEM,,,,,GOLDMAN 15/05/26,
TR018840,26.320,,14/07/25,GOLDMAN SOLUCOES EM SANEAMENTO LTDA,FATURADO,IMPLEMENTADOR,REVISAO DE 6 MESES,,,11/02/2026,1024134,PAULO,,,,NÃO TEM,,,,,ROBOCONTROL - 28/01/2026 ,
TR025827,30.320,PRETO UNIVERSAL,23/09/25,GOLDMAN SOLUCOES EM SANEAMENTO LTDA,FATURADO,IMPLEMENTADOR,REVISAO DE 6 MESES,GOLDMAN - 10/06/26,,17/06/2026,1045446,PAULO,PAGO,,,NÃO TEM,,,,,,
TR022322,30.320,,30/09/25,GOLDMAN SOLUCOES EM SANEAMENTO LTDA,FATURADO,IMPLEMENTADOR,REVISAO DE 6 MESES,,,18/03/2026,1029912,PAULO,,,,NÃO TEM,,,,,GOLDMAN - 17/03/26,
TR025093,26.320,,14/10/25,GOLDMAN SOLUCOES EM SANEAMENTO LTDA,FATURADO,IMPLEMENTADOR,REVISAO DE 6 MESES,,,11/02/2026,1024139,PAULO,,,,NÃO TEM,,,,,ROBOCONTROL - 28/01/2026 ,
TR028154,18.260,,29/10/25,GOLDMAN SOLUCOES EM SANEAMENTO LTDA,FATURADO,IMPLEMENTADOR,REVISAO DE 6 MESES,,,03/03/2026,1027680,PAULO,,,,NÃO TEM,,,,,GOLDEN VAC - 22/11/2025,
TR027739,30.320,,29/10/25,GOLDMAN SOLUCOES EM SANEAMENTO LTDA,FATURADO,IMPLEMENTADOR,REVISAO DE 6 MESES,,,04/03/2026,1027766,PAULO,,,,NÃO TEM,,,,,ROBOCONTROL - 28/01/26,
TR019623,26.320,,15/12/25,GOLDMAN SOLUCOES EM SANEAMENTO LTDA,FATURADO,IMPLEMENTADOR,REVISAO DE 6 MESES,GOLDMAN - 14/05/26,,17/06/2026,1045436,PAULO,,,381854,NÃO TEM,,,,,GOLDMAN - 14/05/2026,
TR031652,26.320,,30/12/25,GOLDMAN SOLUCOES EM SANEAMENTO LTDA,FATURADO,IMPLEMENTADOR,REVISAO DE 6 MESES,,,18/03/2026,1029917,PAULO,,,375556,NÃO TEM,,,,,ROBOCONTROL - 11/03/2026,
VR003946,30.320,,27/02/26,GOLDMAN SOLUCOES EM SANEAMENTO LTDA,FATURADO,IMPLEMENTADOR,,SOLIVAC - 08/05/26,,17/06/2026,1045484,PAULO,,,,NÃO TEM,,,,,SOLIVAC - SP - 18/05/26 prancha,
VR004953,30.320,,28/02/26,GOLDMAN SOLUCOES EM SANEAMENTO LTDA,FATURADO,IMPLEMENTADOR,,,,18/03/2026,1029908,PAULO,,,,NÃO TEM,,,,,GOLDMAN - 18/03/2026,
VR001042,26.320,,28/02/26,GOLDMAN SOLUCOES EM SANEAMENTO LTDA,FATURADO,IMPLEMENTADOR,,,,18/03/2026,1029925,PAULO,,,,NÃO TEM,,,,,ROBOCONTROL - 11/03/2026,
VR003040,26.260,,28/2/26,GOLDMAN SOLUCOES EM SANEAMENTO LTDA,FATURADO,IMPLEMENTADOR,,GOLDMAN - 14/05/26,,17/06/2026,1045425,PAULO,,,381856,NÃO TEM,,,,,,
VR006549,26.260,VERMELHO NOBRE,10/03/26,GOLDMAN SOLUCOES EM SANEAMENTO LTDA,FATURADO,IMPLEMENTADOR,,GOLDMAN - 08/05/26,,17/06/2026,1045460,PAULO,,,381216,NÃO TEM,,,,,GOLDMAN - 08/05/2026,
VR009923,9.180,,02/04/26,GOLDMAN SOLUCOES EM SANEAMENTO LTDA,FATURADO,IMPLEMENTADOR,,,,23/04/2026,1035983,PAULO,,,,NÃO TEM,,,,,JRV,
VR203571,28.480,,28/05/26,GOLDMAN SOLUCOES EM SANEAMENTO LTDA,FATURADO,IMPLEMENTADOR,,GOLDMAN - 10/06/26,,17/06/2026,1045473,PAULO,PAGO,,382834,NÃO TEM,,,,,,
VR007011,26.320,,34/04/26,GOLDMAN SOLUCOES EM SANEAMENTO LTDA,FATURADO,IMPLEMENTADOR,,SOLIVAC - 08/05/26,,17/06/2026,1045480,PAULO,,,,NÃO TEM,,,,,SOLIVAC - SP - 08/05/26 prancha,
VR006643,26.320,,34/04/26,GOLDMAN SOLUCOES EM SANEAMENTO LTDA,FATURADO,IMPLEMENTADOR,,SOLIVAC - 08/05/26,,17/06/2026,1045465,PAULO,,,,NÃO TEM,,,,,SOLIVAC - SP - 08/05/26 prancha,
VR011828,26.320,,34/04/26,GOLDMAN SOLUCOES EM SANEAMENTO LTDA,FATURADO,IMPLEMENTADOR,,SOLIVAC - 08/05/26,,17/06/2026,1045447,PAULO,,,,NÃO TEM,,,,,SOLIVAC - SP - 18/05/26 prancha,
VR012408,26.320,,34/04/26,GOLDMAN SOLUCOES EM SANEAMENTO LTDA,FATURADO,IMPLEMENTADOR,,GOLDMAN - 05/06/26,,17/06/2026,1045471,PAULO,PAGO,,382201,NÃO TEM,,,,,GOLDMAN - 05/06/2026,
TR200478,28.480,,,GOLDMAN SOLUCOES EM SANEAMENTO LTDA,FATURADO,JRV,,,,15/05/2026,1039583,PAULO,PAGO,,,TEM,,Circular AT 049-25 - Ação de Oficina – Verificação dos tubos de alimentação de combustível - 1 Item(s),,,,
VR016071,27.320,AZUL UNIQUE ,20/05/26,GOLDMAN SOLUCOES EM SANEAMENTO LTDA - SEM MOLDURA VIDRO ELETRICO,FATURADO,PATIO 1,,SEM PEÇAS,,30/06/2026,1047617,PAULO,NÃO,NÃO,383770,NÃO TEM,,,,,NF. 727950,
TR033307,26.260,BRANCO GEADA,19/12/25,GUSTAVO - ELIAS,ESTOQUE,JRV,REVISAO DE 6 MESES,,,,,,,,,TEM,,,,,JRV - VIAGEM - 61363 - GO - 12/01,
TR013376,26.260,BRANCO GEADA,19/12/25,GUSTAVO - ELIAS,ESTOQUE,JRV,REVISAO DE 6 MESES,,,,,,,,,NÃO TEM,,,,,JRV - VIAGEM - 61362 - GO - 12/01,
TR033018,11.180,BRANCO GEADA,23/12/25,GUSTAVO - ELIAS,ESTOQUE,JRV,REVISAO DE 6 MESES,,,,,,,,,NÃO TEM,,,,,JRV - VIAGEM - 63139 - GO - 11/01,
TR035287,11.180,BRANCO GEADA,23/12/25,GUSTAVO - ELIAS,ESTOQUE,JRV,REVISAO DE 6 MESES,,,,,,,,,NÃO TEM,,,,,JRV - VIAGEM - 63139 - GO - 11/01,
TR035382,31.320,BRANCO GEADA,23/12/25,GUSTAVO - ELIAS,ESTOQUE,JRV,REVISAO DE 6 MESES,,,,,,,,,NÃO TEM,,,,,JRV - VIAGEM - 61369 - ANS - 13/01,
TR033264,26.260,BRANCO GEADA,19/12/25,GUSTAVO - ELIAS - COLETOR DE LIXO JRV,ESTOQUE,JRV,REVISAO DE 6 MESES,,,,,,,,,NÃO TEM,,,,,JRV - KEILA LEVOU,
VR014840,26.260,BRANCO GEADA,SEMI NOVO,IBIZA CONSTRUTORA LTDA,FATURADO,PATIO 1,JRV,01/06/2026,05/06/2026,26/06/2026,1047143,GUSTAVO,PAGO,NÃO,383773,NÃO TEM,,,,,VIAGEM - 64403 - 06/06/2026,
VR005154,17.210,BRANCO GEADA,25/02/26,INDUSTRIA E COMERCIO DE BEBIDAS IMPERIAL S.A.,VENDA DIRETA,IMPLEMENTADOR,,,,24/02/2026,717179,ENEIAS,,,,NÃO TEM,,,,,PRANCHA - 13/03,
VR005131,17.210,BRANCO GEADA,25/02/26,INDUSTRIA E COMERCIO DE BEBIDAS IMPERIAL S.A.,VENDA DIRETA,IMPLEMENTADOR,,,,24/02/2026,717194,ENEIAS,,,,NÃO TEM,,,,,PRANCHA - 12/03,
VR004920,17.210,BRANCO GEADA,25/02/26,INDUSTRIA E COMERCIO DE BEBIDAS IMPERIAL S.A.,VENDA DIRETA,IMPLEMENTADOR,,,,24/02/2026,717195,ENEIAS,,,,NÃO TEM,,,,,PRANCHA - 12/03,
VR005266,17.210,BRANCO GEADA,25/02/26,INDUSTRIA E COMERCIO DE BEBIDAS IMPERIAL S.A.,VENDA DIRETA,IMPLEMENTADOR,,,,24/02/2026,717196,ENEIAS,,,,NÃO TEM,,,,,PRANCHA - 13/03,
VR005263,17.210,BRANCO GEADA,25/02/26,INDUSTRIA E COMERCIO DE BEBIDAS IMPERIAL S.A.,VENDA DIRETA,IMPLEMENTADOR,,,,24/02/2026,717242,ENEIAS,,,,NÃO TEM,,,,,PRANCHA - 13/03,
VR003155,17.210,BRANCO GEADA,26/02/26,INDUSTRIA E COMERCIO DE BEBIDAS IMPERIAL S.A.,VENDA DIRETA,IMPLEMENTADOR,,,,25/02/2026,717431,ENEIAS,,,,NÃO TEM,,,,,,
VR003049,17.210,BRANCO GEADA,13/03/26,INDUSTRIA E COMERCIO DE BEBIDAS IMPERIAL S.A.,VENDA DIRETA,IMPLEMENTADOR,,,,24/02/2026,717186,ENEIAS,,,,NÃO TEM,,,,,PRANCHA - 12/03,
VR003468,17.210,BRANCO GEADA,13/03/26,INDUSTRIA E COMERCIO DE BEBIDAS IMPERIAL S.A.,VENDA DIRETA,IMPLEMENTADOR,,,,24/02/2026,717187,ENEIAS,,,,NÃO TEM,,,,,PRANCHA - 12/03,
VR008342,26.260,BRANCO GEADA,19/03/26,INDUSTRIA E COMERCIO DE BEBIDAS IMPERIAL S.A.,VENDA DIRETA,IMPLEMENTADOR,,,,17/03/2026,720042,ENEIAS,,,,NÃO TEM,,,,,FACCHINI S/A - VOTUPORANGA-SP - 63869 15/04,
VR009197,26.260,BRANCO GEADA,21/03/26,INDUSTRIA E COMERCIO DE BEBIDAS IMPERIAL S.A.,VENDA DIRETA,IMPLEMENTADOR,,,,20/03/2026,720517,ENEIAS,,,,NÃO TEM,,,,,FACCHINI S/A - VOTUPORANGA-SP - 63870 - 15/04,
VR009249,26.260,BRANCO GEADA,24/03/26,INDUSTRIA E COMERCIO DE BEBIDAS IMPERIAL S.A.,VENDA DIRETA,IMPLEMENTADOR,,,,23/03/2026,720548,ENEIAS,,,,NÃO TEM,,,,,FACCHINI S/A - VOTUPORANGA-SP - 63870 - 15/04,
VR018884,11.180,MARROM VANILLA,15/06/26,JB INDUSTRIA E COMERCIO DE CARNES LTDA,FATURADO,ANS,,,,29/06/26,1047437,JORGE,NÃO,SIM,,NÃO TEM,"R$ 5.000,00",,,,NF. 731066,
VR006609,11.180,VERMELHO NOBRE,26/03/26,JB INDUSTRIA E COMERCIO DE CARNES LTDA,FATURADO,IMPLEMENTADOR,,THERMO POINT - 17/06,,26/05/2026,1041326,JORGE,PAGO,SIM,383472,NÃO TEM,"R$ 5.000,00","CHINIL, VINIL E MOEDA, MANGUEIRA DE SOPRAR, CALHA DE CHUVA E INSFUILME",,,,
SR029454,17.210,BRANCO GEADA,25/09/24,JRV,ESTOQUE,JRV,REVISÃO 1 ANO,,,,,,,,353918,TEM,,Carta DVM AT 006-26 - Ação de Campo – verificação do roteiro do chicote elétrico do motor D08 - 1 Item(s),,,JRV,
SR034044,26.260,BRANCO GEADA,28/10/24,JRV IND E COM DE PECAS LTDA,ESTOQUE,JRV,REVISÃO 1 ANO,,,,,,,,355109,TEM,,Circular AT 054-25 - Ação de Oficina – Substituição do dreno do filtro de ar - 1 Item(s),,,JRV,
VR001501,17.210,BRANCO GEADA,23/01/26,MAAS SERVICOS LTDA,VENDA DIRETA,IMPLEMENTADOR,REVISAO DE 6 MESES,,,22/01/2026,714575,CRISTIANO,,,,NÃO TEM,,,,,FACCHINI SÃO JOSE DO RIO PRETO,
VR000756,17.210,BRANCO GEADA,23/01/26,MAAS SERVICOS LTDA,VENDA DIRETA,IMPLEMENTADOR,REVISAO DE 6 MESES,,,22/01/2026,714549,CRISTIANO,,,,NÃO TEM,,,,,EMAQ IND - APARECIDA DE GOIANIA GP ,
VR002430,17.210,BRANCO GEADA,23/02/26,MAAS SERVICOS LTDA,VENDA DIRETA,IMPLEMENTADOR,,,,21/02/2026,716877,CRISTIANO,,,,NÃO TEM,,,,,IMAP - SANTO ANTONIO DA POSSE 27/02,
VR003207,17.210,BRANCO GEADA,28/02/26,MAAS SERVICOS LTDA,VENDA DIRETA,IMPLEMENTADOR,,,,27/02/2026,718155,CRISTIANO,,,,NÃO TEM,,,,,MAAS SERVIÇOS,
VR003374,17.210,BRANCO GEADA,28/02/26,MAAS SERVICOS LTDA,VENDA DIRETA,IMPLEMENTADOR,,,,27/02/2026,718158,CRISTIANO,,,,NÃO TEM,,,,,MAAS SERVIÇOS,
VR008309,26.260,BRANCO GEADA,16/03/26,MAAS SERVICOS LTDA,VENDA DIRETA,IMPLEMENTADOR,,,,13/03/2026,719702,CRISTIANO,,,,NÃO TEM,,,,,MAAS SERVIÇOS - 18/03,
VR008339,26.260,BRANCO GEADA,19/03/26,MAAS SERVICOS LTDA,VENDA DIRETA,IMPLEMENTADOR,,,,17/03/2026,719992,CRISTIANO,,,,NÃO TEM,,,,,MAAS SERVIÇOS - 19/03,
VR009189,26.260,BRANCO GEADA,21/03/26,MAAS SERVICOS LTDA,VENDA DIRETA,IMPLEMENTADOR,,,,20/03/2026,720519,CRISTIANO,,,,NÃO TEM,,,,,63867 - VOTUPORANGA - 11/04,
VR009045,26.260,BRANCO GEADA,23/03/26,MAAS SERVICOS LTDA,VENDA DIRETA,IMPLEMENTADOR,,,,20/03/2026,720415,CRISTIANO,,,,NÃO TEM,,,,,FACCHINI - VOTUPORANGA - 08/04,
VR009327,26.260,BRANCO GEADA,24/03/26,MAAS SERVICOS LTDA,VENDA DIRETA,IMPLEMENTADOR,,,,23/03/2026,720581,CRISTIANO,,,,NÃO TEM,,,,,FACCHINI - VOTUPORANGA - 08/04,
VR009855,26.260,BRANCO GEADA,27/03/26,MAAS SERVICOS LTDA,VENDA DIRETA,IMPLEMENTADOR,,,,26/03/2026,721178,CRISTIANO,,,,NÃO TEM,,,,,FACCHINI VOTUPORANGA - SP - 07/04/2026,
VR009001,26.260,BRANCO GEADA,13/04/26,MAAS SERVICOS LTDA,VENDA DIRETA,IMPLEMENTADOR,,,,19/03/2026,720375,CRISTIANO,,,,NÃO TEM,,,,,63808 - SÃO JOSE DO RIO PRETO - 02/04/26,
VR009153,26.260,BRANCO GEADA,23/04/26,MAAS SERVICOS LTDA,VENDA DIRETA,IMPLEMENTADOR,,,,20/03/2026,720476,CRISTIANO,,,,NÃO TEM,,,,,FACCHINI - VOTUPORANGA - 08/04,
TR032540,9.180,BEGE AGATA,15/12/25,MAXGAS DISTRIBUIDORA DE GAS LTDA,FATURADO,IMPLEMENTADOR,REVISAO DE 6 MESES,FLACH - 19/06 - JORGE PEDIU P/LEVAR,,29/06/26,1047442,JORGE,,SIM,,NÃO TEM,CORTESIA,Tapete Vinil na cor preta / Tapete Moeda / Chinil bancos e painel na cor preta / Mangueira de soprar / Insul Filme / Calha de chuva.,,,NF. 711550 - VIAGEM - 63082 - BSB - 26/12,
TR032529,9.180,AZUL NOTURNO,15/12/25,MINERACAO SUDOESTE E TRANSPORTADORA JUNIOR LTDA,FATURADO,SHOWROOM,REVISAO DE 6 MESES,,,26/06/26,1047256,JORGE,NÃO,SIM,,NÃO TEM,"R$ 5.000,00",,,,"R$ 425.000,00 + R$ 40.000,00 BAU",
SR004248,26.320,BRANCO GEADA,21/02/24,MINERAÇÃO TRANSPORTES,VENDA DIRETA,IMPLEMENTADOR,REVISÃO 1 ANO,,,21/02/2024,636733,LUIZ CLAUDIO,PAGO,,346576,TEM,,,,,IGARAPE MG (RODO BEM IMPL),
SR033861,11.180,BRANCO GEADA,06/11/24,MP TRANSPORTE E LOGISTICA LTDA,FATURADO,IMPLEMENTADOR,REVISÃO 1 ANO,,,13/05/2026,1039300,PAULO,PAGO,,355562,NÃO TEM,,,,,GOIANIRA,
TR035769,17.210,BRANCO GEADA,19/12/25,MP TRANSPORTE E LOGISTICA LTDA,FATURADO,JRV,REVISAO DE 6 MESES,,,13/05/2026,1039298,PAULO,PAGO,,,NÃO TEM,,,,,,
,,,,NUTRIZA - COLOCAR LAMEIRO EM TODOS - JRV,FATURADO,,,,,,,,,,,,,,,,,
TR019173,9.180,AZUL UNIQUE,10/10/25,NWF TRANSPORTES E LOGISTICA LTDA - CHINIL PAINEL ESTOQUE ZERADO,FATURADO,PATIO 1,AGENDADO,,,29/05/2026,1042227,CARLOS,PAGO,OK,383775,NÃO TEM,"R$ 1.500,00","TAPETE VINIL, CHINIL E MANGUEIR DE SOPRAR",,,,
9536B8TD4VR012233,26.260,BRANCO GEADA,14/04/26,POLI-GYN EMBALAGENS LTDA,FATURADO,ANS,,,,26/06/26,1047249,JORGE,NÃO,,,NÃO TEM,,,,,NF. 723559 - VIAGEM - 64440 - 10/06,
TR027903,9.180,BRANCO,29/09/25,POLI-GYN EMBALAGENS LTDA,FATURADO,PATIO 1,REVISAO DE 6 MESES,,,26/06/26,1047247,JORGE,NÃO,NÃO,383777,NÃO TEM,,,,,retirado a BSG para atender um veículo novo que estava no P2 - RICARDO OFICINA GRUPO,
VR006983,30.320,VERMELHO NOBRE,23/03/26,POSTO CHAPARRAL LTDA,FATURADO,PATIO 1,,,,11/06/2026,1044453,LUIZ CLAUDIO,PAGO,AB,383255,TEM,"R$ 3.000,00","8 RODAS ACS910, TAPA ESTRIBO 1 DEGRAU, CLIMATIZADOR, CORTINA E DEFLETOR CEGONHEIRO",,,,
TR027079,33.260,BRANCO GEADA,08/10/25,PREFEITURA DE ITAPURANGA,ESTOQUE,JRV,REVISAO DE 6 MESES,,,,,,,,,NÃO TEM,,,,,JRV - GUSTAVO PEDIU 12/02/2026,
TR004596,18.230,BRANCO GEADA,28/03/25,PREFEITURA MUNICIPAL DE BOM JESUS - PARAMETRIZAR,FATURADO,JRV,REVISÃO 1 ANO,,,26/06/26,1047123,GUSTAVO,NÃO,,,NÃO TEM,,,,,,
SR037138,11.180,BRANCO GEADA,19/09//25,RAFAEL,ESTOQUE,JRV,REVISAO DE 6 MESES,,,,,,,,,NÃO TEM,,,,,JRV - 15/07/2025,
VR000447,9.180,BRANCO GEADA,09/01/25,RAMON GUERRA DE SOUSA LTDA - TIRAR A PRANCHA ,FATURADO,JRV,REVISÃO 1 ANO,,,24/06/26,1046554,EURIPEDES,NÃO,SIM,,NÃO TEM,"R$ 5.000,00",,,,JRV - 19/02/2026,
TR023516,25.480,AMARELO PETROPOLIS,30/09/25,RE TRANSPORTES LTDA,FATURADO,IMPLEMENTADOR,REVISAO DE 6 MESES,,,18/05/2026,1039938,LUIZ CLAUDIO,PAGO,OK,382202,NÃO TEM,"R$ 3.000,00","TAPETES, CHINIL, MANGUEIRA DE SOPRAR E CORTINA",,,ROBERTO LEVOU - 26/05/2026,
VR015462,17.210,BRANCO GEADA,21/05/26,REGRA LOGISTICA EM DISTRIBUICAO LTDA,VENDA DIRETA,IMPLEMENTADOR,,,,20/05/2026,725012,CRISTIANO,PAGO,,,NÃO TEM,,REGRA ,,,,
VR007013,26.260,BRANCO GEADA,06/04/26,RESERVA SABOR ALIMENTOS,ESTOQUE,IMPLEMENTADOR,,FACCHINI - 26/06/26,,,,,,,,NÃO TEM,,,,,NF. 722879 - VIAGEM - 64185 - 15/05/2026,
VR009669,26.260,BRANCO GEADA,07/04/26,RESERVA SABOR ALIMENTOS,ESTOQUE,IMPLEMENTADOR,,FACCHINI - 26/06/26,,,,,,,,NÃO TEM,,,,,NF. 722960 - VIAGEM - 64185 - 15/05/2026,
TR018840,26.320,PRATA PYRIT,14/07/25,ROBOCONTROL,ESTOQUE,IMPLEMENTADOR,REVISÃO 1 ANO,,,,,,,,,NÃO TEM,,,,,,
TR027739,30.320,VERMELHO MARTE,29/10/25,ROBOCONTROL,ESTOQUE,IMPLEMENTADOR,REVISAO DE 6 MESES,,,,,,,,,NÃO TEM,,,,,ROBOCONTROL - 28/01/2026 VENDEDOR PAULO,
TR032380,17.210,BRANCO GEADA,19/12/25,ROBOCONTROL EQUIPAMENTOS E SERVICOS LTDA,FATURADO,JRV,REVISAO DE 6 MESES,,,11/03/2026,1029810,PAULO,,,,NÃO TEM,,,,,JRV - 12/01/2026,
TR035838,17.210,BRANCO GEADA,19/12/25,ROBOCONTROL EQUIPAMENTOS E SERVICOS LTDA,FATURADO,JRV,REVISAO DE 6 MESES,,,20/03/2026,1030427,PAULO,,,SEMINOVO,NÃO TEM,,,,,,
TR010633,9.180,VERMELHO MARTE,08/05/25,RTL ENCOMENDAS E CARGAS LTDA,FATURADO,ANS,REVISÃO 1 ANO,,,17/06/26,1045333,CRISTIANO,NÃO,SIM,,NÃO TEM,CORTESIA,TAPETES VINIL E CHENIL,,,"02/12 - RETIROU O BAU, SEM IMPLEMENTO",
VR008195,30.320,BRANCO GEADA,02/04/26,T & T COMERCIO E REPRESENTACAO LTDA,VENDA DIRETA,IMPLEMENTADOR,,,,31/03/2026,722217,LUIZ CARLOS,PAGO,,,NÃO TEM,,TANQUE AUXILIAR,,,FACCHINI SÃO JOSE DO RIO PRETO - SP -19/04/26,
VR006763,11.180,BRANCO GEADA,02/04/26,T & T COMERCIO E REPRESENTACAO LTDA,VENDA DIRETA,IMPLEMENTADOR,,,,31/03/2026,722065,LUIZ CARLOS,PAGO,,380220,NÃO TEM,,TANQUE AUXILIAR,,,WINTER LEVOU - 17/04/2026,
VR006677,11.180,BRANCO GEADA,02/04/26,T & T COMERCIO E REPRESENTACAO LTDA,VENDA DIRETA,IMPLEMENTADOR,,,,31/03/2026,722066,LUIZ CARLOS,PAGO,,380219,NÃO TEM,,TANQUE AUXILIAR,,,WINTER LEVOU - 22/04/2026,
VR006741,11.180,BRANCO GEADA,02/04/26,T & T COMERCIO E REPRESENTACAO LTDA,VENDA DIRETA,IMPLEMENTADOR,,,,31/03/2026,722062,LUIZ CARLOS,PAGO,,380223,NÃO TEM,,TANQUE AUXILIAR,,,WINTER LEVOU - 22/04/2026,
VR006902,11.180,BRANCO GEADA,02/04/26,T & T COMERCIO E REPRESENTACAO LTDA,VENDA DIRETA,IMPLEMENTADOR,,,,31/03/2026,722063,LUIZ CARLOS,PAGO,,380351,NÃO TEM,,TANQUE AUXILIAR,,,WINTER LEVOU - 23/04/2026,
VR014483,30.320,BRANCO GEADA,25/05/26,T & T COMERCIO E REPRESENTACAO LTDA,VENDA DIRETA,PATIO 2,,,,22/05/2026,728274,LUIZ CLAUDIO,NÃO,NÃO,383222,NÃO TEM,,,,,,
TR014312,18.320,BRANCO GEADA,03/09/25,TA PONTO DA CARNE LTDA,FATURADO,ANS,REVISÃO 1 ANO,,,30/06/26,1047743,DOUGLAS,NÃO,SIM,,NÃO TEM,"R$ 5.000,00",,,,,
TR009889,26.260,,12/05/25,TAF EQUIPAMENTOS E SERVICOS LTDA,FATURADO,IMPLEMENTADOR,REVISÃO 1 ANO,,,26/02/2026,1026741,CRISTIANO,,,378319,NÃO TEM,,,,,FORZA ABADIA DE GOIAS - 16/03/2026,
VR010038,27.320,,06/04/26,USINA PANORAMA S/A,VENDA DIRETA,IMPLEMENTADOR,,,,02/04/2026,722747,GUSTAVO,,,,NÃO TEM,,,,,VIAGEM - 64017 - SERTAOZINHO SP - 28/04,
VR010955,27.320,,07/04/26,USINA PANORAMA S/A,VENDA DIRETA,IMPLEMENTADOR,,,,06/04/2026,722747,GUSTAVO,,,,NÃO TEM,,,,,VIAGEM - 64017 - SERTAOZINHO SP - 28/04,
VR010846,27.320,,15/04/26,USINA PANORAMA S/A,VENDA DIRETA,IMPLEMENTADOR,,,,14/04/2026,723496,GUSTAVO,,,,NÃO TEM,,,,,VIAGEM - 64017 - SERTAOZINHO SP - 28/04,
VR014122,27.320,,07/05/26,USINA PANORAMA S/A,VENDA DIRETA,ITUMBIARA,,,,29/04/2026,725749,GUSTAVO,,,,NÃO TEM,,,,,,
VR014063,27.320,,07/05/26,USINA PANORAMA S/A,VENDA DIRETA,ITUMBIARA,,,,29/04/2026,725750,GUSTAVO,,,,NÃO TEM,,,,,,
VR011444,17.230,SEM COR,28/04/26,VIAGOV LTDA,FATURADO,PATIO 2,AGENDADO,,,25/05/2026,1041159,DANIELITON,PAGO,NÃO,383612,NÃO TEM,,COMIL 12/05/2026 - PRANCHA GABARDO,,,,
TR010511,18.320,BRANCO GEADA,05/06/25,VIVEIRO RENASCER LTDA,FATURADO,ANS,REVISÃO 1 ANO,,,22/06/2026,1046093,JORGE,,,,NÃO TEM,,,,,,
TR023127,18.320,BRANCO,31/10/25,VIVEIRO RENASCER LTDA,FATURADO,PATIO 1,,,,22/06/2026,1046194,JORGE,NÃO,NÃO,383613,NÃO TEM,,,,,NF. 707214 - VIAGEM - 62761 - GO - 11/11,
VR002590,30.320,PRATA TUNGSTEN,16/02/26,YPE COMERCIO DE COMBUSTIVEIS E LUBRIFICANTES LTDA,FATURADO,ANS,,,,26/06/2026,1047057,JORGE,NÃO,,,NÃO TEM,,,,,NF. 716128,